session,response,value
30908,544691,"96:how:0	0:do:1	43:plants:2	0:find:3	0:homes:4	161:i:5	0:saw:6	0:a:7	0:flower:8	0:growing:9	28:in:10	0:a:11	129:sidewalk:12	20:i:13	0:wondered:14	20:how:15	0:the:16	0:plant:17	0:got:18	23:there:19	33:seeds:20	0:travel:21	0:in:22	0:different:23	0:ways:24	87:some:25	0:seeds:26	0:just:27	0:drop:28	0:to:29	46:the:30	0:ground:31	86:the:32	3:wind:33	3:or:34	33:birds:35	78:carry:36	65:seeds:37	0:to:38	0:new:39	0:places:40	52:nearby:41	122:or:42	0:far:43	0:away:44	56:water:45	239:can:46	0:take:47	14:seeds:48	5:on:49	0:a:50	15:journey:51	0:some:52	0:animals:53	0:hide:54	73:seeds:55	0:in:56	11:the:57	36:ground:58	0:seeds:59	0:can:60	125:stick:61	0:to:62	0:an:63	0:animal's:64	25:fur:65	3:or:66	0:to:67	3:a:68	0:person's:69	188:socks:70	104:when:71	0:the:72	11:seeds:73	5:fall:74	0:on:75	0:the:76	0:ground:77	29:they:78	0:wait:79	74:for:80	0:sun:81	0:and:82	0:water:83	0:to:84	60:grow:85"
30915,544810,"910:how:0	719:do:1	98:plants:2	50:find:3	0:homes:4	139:i:5	0:saw:6	3:a:7	0:flower:8	8:growing:9	48:in:10	6:a:11	309:sidewalk:12	69:i:13	0:wondered:14	0:how:15	142:the:16	3:plant:17	54:got:18	15:there:19	128:seeds:20	82:travel:21	55:in:22	13:ways:24	10:some:25	33:seeds:26	150:just:27	28:drop:28	329:to:29	16:the:30	0:ground:31	65:the:32	11:wind:33	0:or:42	42:can:46	0:take:47	66:seeds:48	63:on:49	281:a:50	3:journey:51	3:some:52	70:animals:53	0:hide:54	35:seeds:55	87:in:56	4:the:57	85:ground:58	187:seeds:59	6:can:60	128:stick:61	19:to:62	64:an:63	21:animal's:64	73:fur:65	157:or:66	33:to:67	47:a:68	167:person's:69	52:socks:70	36:when:71	78:the:72	42:seeds:73	31:fall:74	0:on:75	0:the:76	0:ground:77	7:they:78	0:wait:79	6:for:80	0:sun:81	10:and:82	0:water:83"
31525,553406,"85:how:0	0:do:1	3:plants:2	0:find:3	0:homes:4	62:i:5	23:saw:6	60:a:7	0:flower:8	3:growing:9	402:in:10	0:a:11	0:sidewalk:12	81:i:13	0:wondered:14	13:how:15	61:the:16	3:plant:17	0:got:18	14:there:19	33:seeds:20	62:travel:21	4:in:22	0:different:23	97:ways:24	63:some:25	48:seeds:26	30:just:27	29:drop:28	47:to:29	3:the:30	0:ground:31	131:the:32	17:wind:33	53:or:34	3:birds:35	44:carry:36	176:seeds:37	35:to:38	0:new:39	25:places:40	63:nearby:41	115:or:42	27:far:43	5:away:44	54:water:45	338:can:46	0:take:47	59:seeds:48	141:on:49	7:a:50	3:journey:51	0:some:52	0:animals:53	40:hide:54	36:seeds:55	102:in:56	21:the:57	12:ground:58	0:seeds:59	147:can:60	15:stick:61	48:to:62	39:an:63	12:animal's:64	124:fur:65	75:or:66	11:to:67	189:a:68	11:person's:69	138:socks:70	360:when:71	316:the:72	36:seeds:73	67:fall:74	3:on:75	5:the:76	3:ground:77	104:they:78	0:wait:79	22:for:80	39:sun:81"
31788,557537,"78:how:0	0:do:1	0:plants:2	0:find:3	0:homes:4	221:i:5	0:saw:6	0:a:7	0:flower:8	3:growing:9	4:in:10	47:a:11	41:sidewalk:12	148:i:13	0:wondered:14	46:how:15	8:the:16	0:plant:17	19:got:18	0:there:19	86:seeds:20	96:travel:21	4:in:22	0:different:23	7:ways:24	66:some:25	0:seeds:26	0:just:27	0:drop:28	33:to:29	0:the:30	16:ground:31	196:the:32	3:wind:33	89:or:34	0:birds:35	8:carry:36	0:seeds:37	42:to:38	0:new:39	27:places:40	103:nearby:41	99:or:42	5:far:43	0:away:44	35:water:45	0:can:46	66:on:49	149:journey:51	101:some:52	0:animals:53	65:hide:54	38:seeds:55	0:in:56	69:the:57	0:ground:58	164:can:60	317:fur:65	50:or:66	53:to:67	98:a:68	0:person's:69	60:socks:70	3:when:71	44:the:72	3:seeds:73	0:fall:74	4:on:75	0:the:76	0:ground:77	36:they:78	9:wait:79	50:for:80	3:sun:81	40:and:82	0:water:83	3:to:84	0:grow:85"
31930,560128,"42:how:0	913:do:1	0:plants:2	0:find:3	0:homes:4	63:i:5	0:saw:6	3:a:7	0:flower:8	32:growing:9	0:in:10	3:a:11	18:sidewalk:12	4:i:13	0:wondered:14	0:how:15	165:the:16	0:plant:17	0:got:18	0:there:19	158:seeds:20	57:travel:21	32:in:22	0:different:23	0:ways:24	22:some:25	0:seeds:26	36:just:27	37:drop:28	0:to:29	0:the:30	0:ground:31	85:the:32	0:wind:33	27:or:34	0:birds:35	34:carry:36	52:seeds:37	25:to:38	29:new:39	0:places:40	95:nearby:41	114:away:44	102:water:45	0:can:46	3:take:47	0:seeds:48	14:on:49	0:a:50	0:journey:51	74:some:52	0:animals:53	0:hide:54	26:seeds:55	10:in:56	409:the:57	33:ground:58	0:seeds:59	63:can:60	524:animal's:64	0:fur:65	174:or:66	0:to:67	3:a:68	0:person's:69	0:socks:70	330:when:71	0:the:72	0:seeds:73	0:fall:74	4:on:75	0:the:76	0:ground:77	105:they:78	0:wait:79	0:for:80	0:sun:81	0:and:82	0:water:83	0:to:84	61:grow:85"
31942,560334,"590:how:0	0:do:1	0:plants:2	0:find:3	0:homes:4	45:i:5	0:saw:6	0:a:7	0:flower:8	0:growing:9	3:in:10	0:a:11	55:sidewalk:12	57:i:13	0:wondered:14	70:how:15	168:the:16	0:plant:17	130:got:18	10:there:19	0:seeds:20	23:travel:21	0:in:22	0:different:23	0:ways:24	0:some:25	30:seeds:26	0:just:27	24:drop:28	19:to:29	20:the:30	0:ground:31	31:the:32	68:wind:33	11:or:34	0:birds:35	0:carry:36	0:seeds:37	28:to:38	0:new:39	0:places:40	104:nearby:41	97:or:42	16:far:43	0:away:44	29:water:45	22:can:46	0:take:47	0:seeds:48	39:on:49	0:a:50	84:journey:51	0:some:52	94:animals:53	0:hide:54	0:seeds:55	64:in:56	0:the:57	0:ground:58	28:seeds:59	0:can:60	36:stick:61	0:to:62	14:an:63	24:animal's:64	31:fur:65	24:or:66	3:to:67	0:a:68	3:person's:69	0:socks:70	245:when:71	0:the:72	0:seeds:73	0:fall:74	5:on:75	0:the:76	0:ground:77	213:they:78	47:wait:79	35:for:80	0:sun:81	35:and:82	0:water:83	0:to:84	0:grow:85"
32192,564806,"81:how:0	0:do:1	129:plants:2	0:find:3	3:homes:4	178:i:5	0:saw:6	284:a:7	25:flower:8	371:growing:9	31:in:10	68:a:11	390:sidewalk:12	274:i:13	83:wondered:14	68:how:15	0:the:16	39:plant:17	413:got:18	9:there:19	519:seeds:20	55:travel:21	378:in:22	14:different:23	6:ways:24	0:some:25	69:seeds:26	102:just:27	377:drop:28	135:to:29	0:the:30	3:ground:31	198:the:32	210:water:45	82:can:46	0:take:47	110:seeds:48	20:on:49	484:a:50	0:journey:51	56:some:52"
32205,565040,"96:how:0	0:do:1	0:plants:2	32:find:3	15:homes:4	25:i:5	0:saw:6	3:a:7	0:flower:8	18:growing:9	0:in:10	3:a:11	0:sidewalk:12	56:i:13	0:wondered:14	55:how:15	0:the:16	30:plant:17	12:got:18	16:there:19	42:seeds:20	11:travel:21	3:in:22	10:different:23	7:ways:24	36:some:25	0:seeds:26	0:just:27	11:drop:28	0:to:29	0:the:30	0:ground:31	42:the:32	0:wind:33	52:or:34	15:birds:35	72:carry:36	44:seeds:37	53:to:38	0:new:39	0:places:40	300:or:42	37:far:43	8:away:44	72:water:45	0:can:46	65:take:47	3:seeds:48	3:on:49	0:a:50	0:journey:51	22:some:52	16:animals:53	0:hide:54	38:seeds:55	7:in:56	0:the:57	0:ground:58	72:seeds:59	0:can:60	0:stick:61	53:to:62	260:animal's:64	51:fur:65	17:or:66	0:to:67	4:a:68	0:person's:69	24:socks:70	82:when:71	0:the:72	0:seeds:73	31:fall:74	12:on:75	0:the:76	0:ground:77	59:they:78	0:wait:79	21:for:80	88:sun:81	15:and:82	23:water:83	25:to:84	0:grow:85"
32210,565131,"0:how:0	0:do:1	0:plants:2	3:find:3	0:homes:4	64:i:5	8:saw:6	0:a:7	204:a:11	235:sidewalk:12	15:i:13	151:wondered:14	358:how:15	96:the:16	59:plant:17	0:got:18	11:there:19	23:seeds:20	51:travel:21	90:in:22	0:different:23	135:ways:24	0:some:25	6:seeds:26	8:just:27	0:drop:28	93:to:29	21:the:30	3:ground:31	136:the:32	3:wind:33	0:or:34	2361:carry:36	148:seeds:37	0:to:38	0:new:39	0:places:40	71:nearby:41	55:or:42	0:far:43	0:away:44	67:water:45	36:can:46	0:take:47	15:seeds:48	37:on:49	33:a:50	49:journey:51	126:some:52	0:animals:53	0:hide:54	0:seeds:55	340:in:56	0:the:57	0:ground:58	34:seeds:59	0:can:60	45:stick:61	228:to:62"
32213,565189,"175:how:0	0:do:1	0:plants:2	0:find:3	0:homes:4	206:i:5	0:saw:6	0:a:7	0:flower:8	0:growing:9	0:in:10	4:a:11	0:sidewalk:12	98:i:13	0:wondered:14	0:how:15	0:the:16	0:plant:17	0:got:18	0:there:19	63:seeds:20	0:travel:21	0:in:22	0:different:23	0:ways:24	0:some:25	0:seeds:26	0:just:27	0:drop:28	0:to:29	0:the:30	0:ground:31	75:the:32	0:wind:33	44:or:34	0:birds:35	56:carry:36	52:seeds:37	60:to:38	0:new:39	0:places:40	0:nearby:41	0:or:42	0:far:43	0:away:44	50:water:45	0:can:46	0:take:47	0:seeds:48	0:on:49	0:a:50	0:journey:51	36:some:52	0:animals:53	0:hide:54	0:seeds:55	47:in:56	0:the:57	0:ground:58	3:seeds:59	0:can:60	160:stick:61	4:to:62	0:an:63	0:animal's:64	0:fur:65	0:or:66	28:to:67	0:a:68	0:person's:69	35:socks:70"
32239,565656,"86:how:0	0:do:1	14:plants:2	0:find:3	0:homes:4	28:i:5	0:saw:6	0:a:7	0:flower:8	19:growing:9	10:in:10	0:a:11	0:sidewalk:12	49:i:13	0:wondered:14	0:how:15	15:the:16	3:plant:17	0:got:18	7:there:19	36:seeds:20	0:travel:21	0:in:22	0:different:23	0:ways:24	51:some:25	0:seeds:26	0:just:27	0:drop:28	76:to:29	3:the:30	0:ground:31	120:the:32	0:wind:33	54:or:34	20:birds:35	0:carry:36	0:seeds:37	124:to:38	120:nearby:41	45:or:42	3:far:43	0:away:44	36:water:45	0:can:46	388:animals:53	0:hide:54	0:seeds:55	0:in:56	44:the:57	0:ground:58	88:seeds:59	0:can:60	0:stick:61	0:to:62	5:an:63	27:animal's:64	5:fur:65	0:or:66	210:to:67	4:a:68	0:person's:69	0:socks:70	0:when:71	4:the:72	0:seeds:73	40:fall:74	12:on:75	0:the:76	0:ground:77	55:they:78	0:wait:79	0:for:80	42:sun:81	0:and:82	0:water:83	0:to:84	0:grow:85"
32258,566012,"109:how:0	10:do:1	60:plants:2	11:find:3	80:homes:4	49:i:5	212:saw:6	32:a:7	65:flower:8	193:growing:9	70:in:10	3:a:11	1022:sidewalk:12	187:i:13	519:wondered:14	46:how:15	26:the:16	3:plant:17	236:got:18	316:there:19	1046:seeds:20	0:travel:21	3:in:22	90:different:23	87:ways:24	250:some:25	0:seeds:26	116:just:27	275:drop:28	26:to:29	0:the:30	3:ground:31	200:the:32	20:wind:33	99:or:42	478:far:43	785:away:44	0:water:45	0:can:46"
32714,573911,"175:how:0	28:do:1	370:plants:2	7:find:3	0:homes:4	210:i:5	296:saw:6	98:a:7	22:flower:8	14:growing:9	30:in:10	73:a:11	167:sidewalk:12	181:i:13	224:wondered:14	58:how:15	51:the:16	5:plant:17	249:got:18	38:there:19	89:seeds:20	72:travel:21	103:in:22	48:different:23	61:ways:24	164:some:25	174:seeds:26	191:just:27	137:drop:28	514:to:29	122:the:30	112:ground:31	0:the:32	75:wind:33	163:or:34	175:birds:35	107:carry:36	170:seeds:37	52:to:38	47:new:39	30:places:40	124:nearby:41	29:or:42	127:far:43	0:away:44	341:water:45	95:can:46	91:take:47	127:seeds:48	211:on:49	0:a:50	20:journey:51"
32922,577295,"69:how:0	24:do:1	57:plants:2	21:find:3	22:homes:4	87:i:5	0:saw:6	3:a:7	0:flower:8	0:growing:9	48:in:10	0:a:11	166:sidewalk:12	121:i:13	253:wondered:14	19:how:15	23:the:16	3:plant:17	51:got:18	44:there:19	29:seeds:20	259:travel:21	90:in:22	16:different:23	114:ways:24	50:some:25	0:seeds:26	0:just:27	12:drop:28	86:to:29	94:the:30	3:ground:31	0:the:32	122:wind:33	0:or:34	0:birds:35	0:carry:36	0:seeds:37	230:to:38	1398:places:40	290:nearby:41	54:or:42	133:far:43	0:away:44	164:water:45	0:can:46	67:take:47	21:seeds:48	40:on:49	91:a:50	82:journey:51	110:some:52	4:animals:53	60:hide:54	20:seeds:55	39:in:56	10:the:57	3:ground:58	93:seeds:59	0:can:60	179:stick:61	57:to:62"
35171,611801,"209:how:0	36:do:1	0:plants:2	11:find:3	0:homes:4	80:i:5	0:saw:6	0:a:7	14:flower:8	22:growing:9	0:in:10	97:a:11	45:sidewalk:12	145:i:13	0:wondered:14	37:how:15	13:the:16	36:plant:17	136:got:18	0:there:19	45:seeds:20	255:travel:21	29:in:22	17:different:23	19:ways:24	208:some:25	0:seeds:26	68:just:27	122:drop:28	104:to:29	397:to:38	0:new:39	126:places:40	0:nearby:41	134:or:42	16:far:43	10:away:44	337:water:45	331:can:46	0:take:47	0:seeds:48	339:on:49	0:a:50	0:journey:51	70:some:52	14:animals:53	28:hide:54	46:seeds:55	26:in:56	48:the:57	586:seeds:59	355:can:60	0:stick:61	10:to:62	3:an:63	0:animal's:64	60:fur:65	107:or:66	153:to:67	7:a:68	165:person's:69	211:the:72"
37230,646370,"34:how:0	0:do:1	0:plants:2	0:find:3	16:homes:4	0:i:5	9:saw:6	35:a:7	51:flower:8	0:growing:9	0:in:10	6:a:11	0:sidewalk:12	0:i:13	3:wondered:14	0:how:15	0:the:16	3:plant:17	0:got:18	0:there:19	12:seeds:20	4:travel:21	0:in:22	0:different:23	0:ways:24	7:some:25	9:seeds:26	33:just:27	0:drop:28	0:to:29	0:the:30	493:the:32	3:wind:33	3:or:34	0:birds:35	87:carry:36	0:seeds:37	3:to:38	3:new:39	0:places:40	70:nearby:41	468:or:42	0:far:43	0:away:44	5:water:45	0:can:46	203:on:49	0:a:50	0:journey:51	61:some:52	0:animals:53	0:hide:54	32:seeds:55	122:in:56	0:the:57	3:ground:58	517:can:60	57:stick:61	11:to:62	699:an:63	0:animal's:64	0:fur:65	0:or:66	39:to:67	15:a:68	29:person's:69	0:socks:70	62:when:71	0:the:72	3:seeds:73	0:fall:74	0:on:75	0:the:76	0:ground:77	37:they:78	0:wait:79	0:for:80	0:sun:81	0:and:82	0:water:83	0:to:84	3:grow:85"
38071,655111,"23:how:0	0:do:1	15:plants:2	0:find:3	0:homes:4	150:i:5	0:saw:6	0:a:7	0:flower:8	0:growing:9	0:in:10	0:a:11	3:sidewalk:12	39:i:13	0:wondered:14	0:how:15	33:the:16	0:plant:17	0:got:18	0:there:19	67:seeds:20	0:travel:21	0:in:22	0:different:23	0:ways:24	0:some:25	0:seeds:26	78:just:27	0:drop:28	0:to:29	0:the:30	0:ground:31	50:the:32	0:wind:33	0:or:34	0:birds:35	0:carry:36	0:seeds:37	40:to:38	0:new:39	0:places:40	0:nearby:41	6:or:42	0:far:43	0:away:44	2481:water:45	0:can:46	0:take:47	0:seeds:48	3:on:49	0:a:50	0:journey:51	0:some:52	95:animals:53	59:hide:54	0:seeds:55	0:in:56	0:the:57	21:ground:58	0:seeds:59	0:can:60	0:stick:61	592:to:62	0:an:63	0:animal's:64	0:fur:65	70:or:66	0:to:67	0:a:68	0:person's:69	0:socks:70	81:when:71	0:the:72	0:seeds:73	0:fall:74	8:on:75	0:the:76	0:ground:77	67:they:78	0:wait:79	0:for:80	0:sun:81	0:and:82	0:water:83	0:to:84	0:grow:85"
40760,679531,"3:how:0	0:do:1	32:plants:2	0:find:3	0:homes:4	290:i:5	0:saw:6	0:a:7	9:flower:8	0:growing:9	29:in:10	0:a:11	40:sidewalk:12	41:i:13	74:wondered:14	0:how:15	0:the:16	0:plant:17	5:got:18	0:there:19	40:seeds:20	0:travel:21	0:in:22	0:different:23	0:ways:24	4:some:25	0:seeds:26	0:just:27	0:drop:28	12:to:29	0:the:30	31:ground:31	111:the:32	35:wind:33	20:or:34	12:birds:35	0:carry:36	17:seeds:37	28:to:38	0:new:39	0:places:40	239:or:42	32:far:43	0:away:44	69:water:45	137:can:46	3:take:47	3:seeds:48	40:on:49	0:a:50	0:journey:51	25:some:52	0:animals:53	0:hide:54	0:seeds:55	0:in:56	30:the:57	0:ground:58	19:seeds:59	0:can:60	0:stick:61	20:to:62	0:an:63	0:animal's:64	0:fur:65	0:or:66	0:to:67	26:a:68	3:person's:69	0:socks:70	130:when:71	0:the:72	0:seeds:73	39:fall:74	0:on:75	0:the:76	0:ground:77	165:they:78	0:wait:79	0:for:80	0:sun:81	0:and:82	11:water:83	10:to:84	0:grow:85"
40865,680977,"70:how:0	0:do:1	137:plants:2	124:find:3	145:homes:4	216:i:5	2225:sidewalk:12	109:i:13	665:how:15	104:the:16	134:plant:17	143:got:18	140:there:19	177:seeds:20	348:travel:21	102:in:22	167:different:23	122:ways:24	137:some:25	154:seeds:26	813:to:29	137:the:30	0:ground:31	47:the:32	260:wind:33	120:or:34	15:birds:35	132:carry:36	139:seeds:37	169:to:38	0:new:39"
40887,681367,"61:how:0	0:do:1	3:plants:2	668:homes:4	180:i:5	0:saw:6	0:a:7	0:flower:8	0:growing:9	40:in:10	0:a:11	0:sidewalk:12	34:i:13	0:wondered:14	799:how:15	16:the:16	3:plant:17	11:got:18	140:there:19	30:seeds:20	53:travel:21	0:in:22	131:different:23	0:ways:24	67:some:25	0:seeds:26	3:just:27	0:drop:28	0:to:29	3:the:30	0:ground:31	90:the:32	0:wind:33	4:or:34	0:birds:35	497:carry:36	0:seeds:37	36:to:38	60:new:39	0:places:40	88:nearby:41	111:or:42	0:far:43	0:away:44	119:water:45	19:can:46	40:take:47	0:seeds:48	74:on:49	65:a:50	0:journey:51	39:some:52	477:hide:54	9:seeds:55	44:in:56	0:the:57	45:ground:58	46:seeds:59	0:can:60	26:stick:61	194:to:62	27:an:63	0:animal's:64	63:fur:65	302:or:66	43:to:67	12:a:68	25:person's:69"
40964,682702,"0:how:0	0:do:1	78:plants:2	99:find:3	0:homes:4	135:i:5	0:saw:6	0:a:7	0:flower:8	0:growing:9	6:in:10	0:a:11	0:sidewalk:12	28:i:13	30:wondered:14	69:how:15	107:the:16	0:plant:17	5:got:18	0:there:19	96:seeds:20	0:travel:21	0:in:22	0:different:23	0:ways:24	21:some:25	14:seeds:26	0:just:27	0:drop:28	0:to:29	3:the:30	0:ground:31	70:the:32	0:wind:33	47:or:34	0:birds:35	9:carry:36	0:seeds:37	0:to:38	0:new:39	0:places:40	7:nearby:41	20:or:42	0:far:43	0:away:44	38:water:45	40:can:46	0:take:47	0:seeds:48	54:on:49	0:a:50	0:journey:51	28:some:52	0:animals:53	0:hide:54	0:seeds:55	43:in:56	102:the:57	0:ground:58	7:seeds:59	0:can:60	0:stick:61	19:to:62	11:an:63	3:animal's:64	26:fur:65	25:or:66	0:to:67	204:a:68	0:person's:69	0:socks:70	145:when:71	0:the:72	0:seeds:73"
41091,684835,"33:how:0	0:do:1	0:plants:2	0:find:3	0:homes:4	0:i:5	0:saw:6	0:a:7	0:flower:8	0:growing:9	275:in:10	0:a:11	0:sidewalk:12	55:i:13	0:wondered:14	0:how:15	0:the:16	0:plant:17	0:got:18	24:there:19	31:seeds:20	0:travel:21	0:in:22	0:different:23	0:ways:24	0:some:25	0:seeds:26	0:just:27	0:drop:28	49:to:29	0:the:30	0:ground:31	25:the:32	0:wind:33	47:or:34	0:birds:35	0:carry:36	0:seeds:37	17:to:38	127:new:39	138:places:40	156:nearby:41	84:or:42	0:far:43	0:away:44	0:water:45	54:take:47	17:seeds:48	39:on:49	0:a:50	0:journey:51	23:some:52	0:animals:53	0:hide:54	0:seeds:55	3:in:56	0:the:57	40:ground:58	0:seeds:59	0:can:60	0:stick:61	259:to:62	3:an:63	0:animal's:64	0:fur:65	124:or:66	56:to:67	3:a:68	0:person's:69	0:socks:70	242:when:71	0:the:72	0:seeds:73	8:fall:74	0:on:75	0:the:76	0:ground:77	0:they:78	0:wait:79	3:for:80	0:sun:81	0:and:82	0:water:83	0:to:84	0:grow:85"
41105,685081,"53:how:0	0:do:1	3:plants:2	0:find:3	0:homes:4	49:i:5	0:saw:6	0:a:7	0:flower:8	3:growing:9	5:in:10	29:a:11	0:sidewalk:12	37:i:13	0:wondered:14	0:how:15	0:the:16	0:plant:17	0:got:18	0:there:19	181:seeds:20	0:travel:21	0:in:22	0:different:23	0:ways:24	33:some:25	0:seeds:26	0:just:27	69:drop:28	0:to:29	4:the:30	3:ground:31	126:the:32	0:wind:33	47:or:34	0:birds:35	0:carry:36	0:seeds:37	0:to:38	0:new:39	0:places:40	64:nearby:41	0:or:42	0:far:43	0:away:44	34:water:45	0:can:46	0:take:47	0:seeds:48	55:on:49	0:a:50	0:journey:51	0:some:52	21:animals:53	62:hide:54	0:seeds:55	0:in:56	3:the:57	3:ground:58	48:seeds:59	0:can:60	0:stick:61	0:to:62	15:an:63	5:animal's:64	5:fur:65	92:or:66	0:to:67	14:a:68	0:person's:69	0:socks:70	99:when:71	0:the:72	0:seeds:73	0:fall:74	5:on:75	0:the:76	0:ground:77	82:they:78	0:wait:79	37:for:80	0:sun:81	0:and:82	0:water:83	0:to:84	0:grow:85"
41120,685373,"63:how:0	0:do:1	0:plants:2	0:find:3	0:homes:4	49:i:5	5:saw:6	15:a:7	20:flower:8	0:growing:9	0:in:10	0:a:11	31:sidewalk:12	34:i:13	0:wondered:14	0:how:15	0:the:16	57:plant:17	0:got:18	0:there:19	25:seeds:20	0:travel:21	0:in:22	0:different:23	42:ways:24	22:some:25	0:seeds:26	3:just:27	38:drop:28	75:to:29	0:the:30	41:ground:31	36:the:32	24:wind:33	135:or:34	0:birds:35	0:carry:36	0:seeds:37	151:to:38	0:new:39	0:places:40	0:nearby:41	0:or:42	0:far:43	0:away:44	56:water:45	0:can:46	81:take:47	0:seeds:48	57:on:49	0:a:50	3:journey:51	4:some:52	56:animals:53	0:hide:54	30:seeds:55	29:in:56	40:the:57	0:ground:58	57:seeds:59	0:can:60	49:stick:61	240:to:62	0:an:63	0:animal's:64	56:fur:65	259:or:66	4:to:67	45:a:68	0:person's:69	0:socks:70	336:when:71	0:the:72	0:seeds:73	0:fall:74	33:on:75	0:the:76	0:ground:77	3:they:78	0:wait:79	41:for:80	0:sun:81	9:and:82	0:water:83	0:to:84	0:grow:85"
41664,693673,"70:how:0	23:do:1	39:plants:2	109:find:3	0:homes:4	100:i:5	11:saw:6	117:a:7	3:flower:8	23:growing:9	426:in:10	81:a:11	130:sidewalk:12	611:i:13	0:wondered:14	0:how:15	236:the:16	204:plant:17	75:got:18	295:there:19	108:seeds:20	38:travel:21	60:in:22	44:different:23	57:ways:24	4:some:25	3:seeds:26	43:just:27	113:drop:28	91:to:29	13:the:30	0:ground:31	95:the:32	0:wind:33	85:or:34	0:birds:35	593:seeds:37	195:to:38	0:new:39	3:places:40	760:nearby:41	273:or:42	63:far:43	0:away:44	544:water:45	62:can:46	121:take:47	22:seeds:48	7:on:49	0:a:50	11:journey:51	52:some:52	8:animals:53	113:hide:54	0:seeds:55	12:in:56"
42279,701452,"0:how:0	44:do:1	0:plants:2	0:find:3	0:homes:4	91:i:5	0:saw:6	0:a:7	0:flower:8	0:growing:9	12:in:10	0:a:11	0:sidewalk:12	197:i:13	0:wondered:14	119:how:15	0:the:16	3:plant:17	92:got:18	0:there:19	165:seeds:20	0:travel:21	60:in:22	4:different:23	0:ways:24	20:some:25	0:seeds:26	0:just:27	0:drop:28	33:to:29	16:the:30	13:ground:31	252:the:32	0:wind:33	60:or:34	0:birds:35	0:carry:36	0:seeds:37	23:to:38	282:nearby:41	0:or:42	425:far:43	0:away:44	0:water:45	338:can:46	0:take:47	10:seeds:48	8:on:49	38:a:50	3:journey:51	0:some:52	5:animals:53	13:hide:54	0:seeds:55	158:in:56	0:the:57	4:ground:58	65:seeds:59	0:can:60	0:stick:61	44:to:62	7:an:63	0:animal's:64	1369:a:68	200:when:71	0:the:72	0:seeds:73	5:fall:74	56:on:75	0:the:76	243:ground:77	0:they:78	0:wait:79	16:for:80	19:sun:81	0:and:82	0:water:83	0:to:84"
42307,701803,"73:how:0	0:do:1	246:plants:2	16:find:3	0:homes:4	220:i:5	3:saw:6	8:a:7	8:flower:8	6:growing:9	9:in:10	740:a:11	5:sidewalk:12	133:i:13	48:wondered:14	23:how:15	46:the:16	3:plant:17	8:got:18	16:there:19	88:seeds:20	71:travel:21	4:in:22	10:different:23	4:ways:24	9:some:25	0:seeds:26	81:just:27	22:drop:28	43:to:29	3:the:30	0:ground:31	18:the:32	75:wind:33	150:or:34	6:birds:35	6:carry:36	0:seeds:37	23:to:38	3:new:39	0:places:40	1004:nearby:41	4:or:42	16:far:43	0:away:44	61:water:45	35:can:46	36:take:47	3:seeds:48	104:on:49	72:a:50	0:journey:51	9:some:52	0:animals:53	42:hide:54	11:seeds:55	54:in:56	0:the:57	0:ground:58	141:seeds:59	105:can:60	22:stick:61	159:to:62	7:an:63	0:animal's:64	670:or:66	109:to:67	108:a:68	51:for:80	13:sun:81	3:and:82	35:water:83	107:to:84	0:grow:85"
42972,708879,"876:how:0	0:do:1	73:plants:2	29:find:3	94:homes:4	153:i:5	72:saw:6	78:a:7	14:flower:8	625:growing:9	0:in:10	227:a:11	147:sidewalk:12	50:i:13	5:wondered:14	58:how:15	21:the:16	112:plant:17	105:got:18	10:there:19	503:seeds:20	81:travel:21	16:in:22	392:different:23	10:ways:24	66:some:25	0:seeds:26	140:just:27	174:drop:28	10:to:29	3:the:30	67:ground:31	148:the:32	3:wind:33	169:or:34	179:birds:35	70:carry:36	7:seeds:37	3:to:38	52:new:39	0:places:40	10:nearby:41	324:on:49	535:the:57	10:ground:58	557:seeds:59	40:can:60	0:stick:61	0:to:62"
44086,718450,"56:how:0	0:do:1	0:plants:2	0:find:3	0:homes:4	38:i:5	3:saw:6	3:a:7	5:flower:8	3:growing:9	774:in:10	17:a:11	0:sidewalk:12	43:i:13	0:wondered:14	0:how:15	83:the:16	3:plant:17	3:got:18	6:there:19	102:seeds:20	18:travel:21	79:in:22	0:different:23	0:ways:24	0:some:25	356:seeds:26	0:just:27	41:drop:28	33:to:29	3:the:30	0:ground:31	0:the:32	69:wind:33	192:or:34	70:carry:36	3:seeds:37	33:to:38	0:new:39	0:places:40	0:nearby:41	176:or:42	0:far:43	0:away:44	5:water:45	3:can:46	202:seeds:48	5:on:49	0:a:50	6:journey:51	123:some:52	0:animals:53	0:hide:54	85:seeds:55	0:in:56	25:the:57	46:ground:58	3:seeds:59	0:can:60	33:stick:61	295:to:62	8:an:63	0:animal's:64	3:fur:65	191:or:66	5:to:67	0:a:68	0:person's:69	671:when:71	0:the:72	0:seeds:73	43:fall:74	43:on:75	0:the:76	0:ground:77	31:they:78	7:wait:79	6:for:80	6:sun:81	42:and:82	0:water:83	0:to:84	0:grow:85"
44169,719358,"43:how:0	0:do:1	3:plants:2	0:find:3	0:homes:4	67:i:5	0:saw:6	48:a:7	0:flower:8	18:growing:9	0:in:10	0:a:11	3:sidewalk:12	13:i:13	0:wondered:14	43:how:15	4:the:16	3:plant:17	0:got:18	0:there:19	111:seeds:20	0:travel:21	0:in:22	0:different:23	0:ways:24	24:some:25	0:seeds:26	14:just:27	0:drop:28	0:to:29	0:the:30	0:ground:31	174:the:32	7:wind:33	37:or:34	0:birds:35	0:carry:36	0:seeds:37	307:to:38	18:new:39	292:places:40	21:nearby:41	110:or:42	0:far:43	0:away:44	39:water:45	0:can:46	3:take:47	16:seeds:48	126:on:49	22:a:50	46:journey:51	145:some:52	11:animals:53	3:hide:54	0:seeds:55	25:in:56	16:the:57	14:ground:58	29:seeds:59	44:can:60	0:stick:61	0:to:62	0:an:63	0:animal's:64	0:fur:65	109:or:66	0:to:67	0:a:68	6:person's:69	0:socks:70	186:when:71	0:the:72	0:seeds:73	0:fall:74	11:on:75	0:the:76	0:ground:77	445:to:84"
44867,725917,"173:how:0	0:do:1	0:plants:2	5:find:3	0:homes:4	81:i:5	525:i:13	352:the:16	66:plant:17	0:got:18	24:there:19	3:seeds:20	29:travel:21	0:in:22	6:different:23	233:to:29	256:or:34	148:to:38	154:or:42	657:water:45	0:can:46	0:take:47	12:seeds:48	46:on:49	0:a:50	5:journey:51	42:some:52	0:animals:53	52:hide:54	0:seeds:55	450:seeds:59	0:can:60	34:stick:61	88:to:62	0:an:63	0:animal's:64	0:fur:65	0:or:66	45:to:67	26:a:68	3:person's:69	6:socks:70	195:when:71	0:the:72	3:seeds:73	90:fall:74	19:on:75	17:the:76	0:ground:77	77:they:78	4:wait:79	0:for:80	0:sun:81	0:and:82	40:water:83	11:to:84	0:grow:85"
45071,727930,"0:how:0	0:do:1	0:plants:2	0:find:3	19:homes:4	78:i:5	336:saw:6	111:a:7	3:flower:8	241:growing:9	62:in:10	0:a:11	0:sidewalk:12	20:i:13	0:wondered:14	27:how:15	0:the:16	0:plant:17	0:got:18	0:there:19	91:seeds:20	62:travel:21	0:in:22	0:different:23	0:ways:24	0:some:25	0:seeds:26	163:just:27	17:drop:28	34:to:29	0:the:30	0:ground:31	301:the:32	0:wind:33	0:or:34	0:birds:35	0:carry:36	0:seeds:37	0:to:38	0:new:39	0:places:40	115:nearby:41	47:or:42	0:far:43	0:away:44	47:water:45	101:can:46	58:take:47	0:seeds:48	0:on:49	0:a:50	0:journey:51	61:some:52	0:animals:53	0:hide:54	0:seeds:55	5:in:56	0:the:57	34:ground:58	95:seeds:59	0:can:60	19:stick:61	395:to:62	0:an:63	4:animal's:64	0:fur:65	27:or:66	0:to:67	0:a:68	0:person's:69	0:socks:70	167:when:71	17:the:72	0:seeds:73	0:fall:74	0:on:75	0:the:76	0:ground:77	7:they:78	0:wait:79	0:for:80	0:sun:81	0:and:82	0:water:83	0:to:84	0:grow:85"
46117,738013,"193:how:0	0:do:1	29:plants:2	0:find:3	0:homes:4	82:i:5	0:saw:6	3:a:7	0:flower:8	0:growing:9	35:in:10	228:a:11	209:i:13	0:wondered:14	0:how:15	498:the:16	0:plant:17	5:got:18	23:there:19	0:seeds:20	4:travel:21	0:in:22	0:different:23	0:ways:24	33:some:25	0:seeds:26	0:just:27	0:drop:28	11:to:29	0:the:30	0:ground:31	0:the:32	46:wind:33	11:or:34	0:birds:35	0:carry:36	0:seeds:37	3:to:38	13:new:39	16:places:40	0:nearby:41	0:or:42	0:far:43	0:away:44	145:water:45	0:can:46	0:take:47	0:seeds:48	37:on:49	0:a:50	0:journey:51	14:some:52	0:animals:53	76:hide:54	0:seeds:55	48:in:56	6:the:57	55:ground:58	0:seeds:59	0:can:60	81:stick:61	88:to:62	0:an:63	0:animal's:64	0:fur:65	11:or:66	23:to:67	4:a:68	12:person's:69	0:socks:70	61:when:71	0:the:72	3:seeds:73	0:fall:74	0:on:75	0:the:76	0:ground:77	45:they:78	0:wait:79	11:for:80	0:sun:81	0:and:82	0:water:83	0:to:84	57:grow:85"
46836,744734,"19:how:0	6:do:1	58:plants:2	22:find:3	0:homes:4	40:i:5	5:saw:6	22:a:7	11:flower:8	5:growing:9	26:in:10	0:a:11	4:sidewalk:12	29:i:13	0:wondered:14	4:how:15	286:the:16	87:plant:17	0:got:18	3:there:19	34:seeds:20	0:travel:21	0:in:22	3:different:23	6:ways:24	64:some:25	68:seeds:26	0:just:27	0:drop:28	13:to:29	0:the:30	3:ground:31	51:the:32	80:wind:33	454:to:38	393:or:42	98:take:47	26:seeds:48	48:on:49	0:a:50	3:journey:51	23:some:52	0:animals:53	76:hide:54	27:seeds:55	35:in:56	3:the:57	30:ground:58	10:seeds:59	21:can:60	3:stick:61	6:to:62	84:an:63	0:animal's:64	32:fur:65	0:or:66	0:to:67	25:a:68	3:person's:69	0:socks:70	58:when:71	10:the:72	3:seeds:73	21:fall:74	0:on:75	3:the:76	4:ground:77	40:they:78	5:wait:79	6:for:80	23:sun:81	21:and:82	3:water:83	0:to:84	0:grow:85"
46990,746495,"105:how:0	64:do:1	3:plants:2	7:find:3	19:homes:4	83:i:5	3:saw:6	41:a:7	0:flower:8	0:growing:9	170:in:10	0:a:11	0:sidewalk:12	0:i:13	1592:wondered:14	26:how:15	0:the:16	0:plant:17	27:got:18	0:there:19	105:seeds:20	28:travel:21	0:in:22	0:different:23	0:ways:24	27:some:25	0:seeds:26	0:just:27	0:drop:28	80:to:29	104:the:30	1051:ground:31	0:the:32	238:wind:33	33:or:34	37:birds:35	16:carry:36	4:seeds:37	30:to:38	0:new:39	0:places:40	35:nearby:41	50:or:42	0:far:43	0:away:44	123:water:45	3:can:46	0:take:47	40:seeds:48	17:on:49	3:a:50	7:journey:51	56:some:52	150:animals:53	43:hide:54	12:seeds:55	38:in:56	0:the:57	0:ground:58	222:seeds:59	17:can:60	60:stick:61	171:to:62	3:an:63	0:animal's:64	0:fur:65	46:or:66	24:to:67	45:a:68	124:person's:69	23:socks:70	96:when:71	16:the:72	10:seeds:73	0:fall:74	114:on:75	0:the:76	0:ground:77	44:they:78"
47002,746643,"69:how:0	0:do:1	0:plants:2	0:find:3	0:homes:4	33:i:5	0:saw:6	0:a:7	0:flower:8	0:growing:9	0:in:10	29:a:11	3:sidewalk:12	39:i:13	0:wondered:14	0:how:15	29:the:16	3:plant:17	0:got:18	0:there:19	23:seeds:20	0:travel:21	0:in:22	0:different:23	0:ways:24	42:some:25	0:seeds:26	0:just:27	0:drop:28	0:to:29	22:the:30	0:ground:31	36:the:32	7:wind:33	0:or:34	244:birds:35	0:carry:36	0:seeds:37	78:to:38	0:new:39	0:places:40	39:nearby:41	25:or:42	0:far:43	0:away:44	82:water:45	0:can:46	0:take:47	6:seeds:48	26:on:49	19:a:50	0:journey:51	34:some:52	0:animals:53	0:hide:54	0:seeds:55	0:in:56	103:the:57	147:ground:58	71:seeds:59	335:can:60	0:stick:61	20:to:62	0:an:63	18:animal's:64	0:fur:65	33:or:66	3:to:67	23:a:68	28:person's:69	0:socks:70	152:when:71	0:the:72	3:seeds:73	33:fall:74	3:on:75	0:the:76	3:ground:77	55:they:78	0:wait:79	0:for:80	16:sun:81	4:and:82	0:water:83	0:to:84	12:grow:85"
47041,747118,"113:how:0	0:do:1	136:plants:2	0:find:3	0:homes:4	139:i:5	0:saw:6	0:a:7	0:flower:8	208:growing:9	0:in:10	0:a:11	0:sidewalk:12	54:i:13	0:wondered:14	0:how:15	0:the:16	0:plant:17	0:got:18	0:there:19	38:seeds:20	0:travel:21	0:in:22	0:different:23	0:ways:24	0:some:25	0:seeds:26	0:just:27	0:drop:28	0:to:29	0:the:30	0:ground:31	58:the:32	3:wind:33	71:or:34	0:birds:35	0:carry:36	0:seeds:37	0:to:38	0:new:39	0:places:40	0:nearby:41	4:or:42	0:far:43	0:away:44	90:water:45	0:can:46	0:take:47	0:seeds:48	0:on:49	0:a:50	0:journey:51	49:some:52	0:animals:53	98:hide:54	31:seeds:55	35:in:56	122:the:57	33:ground:58	35:seeds:59	3:can:60	0:stick:61	0:to:62	0:an:63	0:animal's:64	0:fur:65	37:or:66	0:to:67	0:a:68	0:person's:69	0:socks:70	32:when:71	15:the:72	0:seeds:73	0:fall:74	0:on:75	0:the:76	0:ground:77	162:they:78	0:wait:79	0:for:80	22:sun:81	0:and:82	0:water:83	0:to:84	0:grow:85"
47043,747140,"451:how:0	32:growing:9	0:in:10	0:a:11	0:sidewalk:12	72:i:13	0:wondered:14	0:how:15	0:the:16	6:plant:17	0:got:18	0:there:19	26:seeds:20	0:travel:21	0:in:22	0:different:23	0:ways:24	47:some:25	0:seeds:26	0:just:27	0:drop:28	26:to:29	0:the:30	0:ground:31	111:the:32	51:wind:33	68:or:34	0:birds:35	0:carry:36	0:seeds:37	0:to:38	0:new:39	0:places:40	6:nearby:41	85:or:42	0:far:43	0:away:44	27:water:45	3:can:46	34:take:47	36:seeds:48	177:on:49	0:a:50	0:journey:51	45:some:52	0:animals:53	0:hide:54	8:seeds:55	3:in:56	0:the:57	0:ground:58	5:seeds:59	0:can:60	11:stick:61	51:to:62	0:an:63	13:animal's:64	3:fur:65	31:or:66	0:to:67	0:a:68	0:person's:69	134:socks:70	123:when:71	32:the:72	0:seeds:73	0:fall:74	3:on:75	0:the:76	0:ground:77	347:they:78	0:wait:79	0:for:80	0:sun:81	0:and:82	0:water:83	107:to:84	0:grow:85"
47092,747756,"192:how:0	0:do:1	3:plants:2	19:find:3	0:homes:4	127:i:5	0:saw:6	3:a:7	0:flower:8	0:growing:9	15:in:10	0:a:11	3:sidewalk:12	29:i:13	0:wondered:14	22:how:15	0:the:16	0:plant:17	0:got:18	0:there:19	35:seeds:20	0:travel:21	0:in:22	15:different:23	0:ways:24	12:some:25	0:seeds:26	0:just:27	0:drop:28	46:to:29	6:the:30	0:ground:31	93:the:32	0:wind:33	0:or:34	0:birds:35	0:carry:36	3:seeds:37	10:to:38	0:new:39	0:places:40	60:nearby:41	0:or:42	0:far:43	0:away:44	0:water:45	0:can:46	0:take:47	3:seeds:48	0:on:49	0:a:50	0:journey:51	73:some:52	0:animals:53	84:hide:54	173:seeds:55	0:in:56	59:the:57	3:fur:65	0:or:66	48:to:67	17:a:68	3:person's:69	10:socks:70	0:when:71	24:the:72	18:seeds:73	0:fall:74	3:on:75	0:the:76	0:ground:77	0:they:78	0:wait:79	81:for:80	0:sun:81	0:and:82	0:water:83	3:to:84	227:grow:85"
47152,748435,"46:how:0	0:do:1	0:plants:2	0:find:3	0:homes:4	67:i:5	0:saw:6	0:a:7	0:flower:8	0:growing:9	0:in:10	0:a:11	0:sidewalk:12	33:i:13	0:wondered:14	0:how:15	0:the:16	0:plant:17	0:got:18	0:there:19	230:seeds:20	0:travel:21	0:in:22	0:different:23	0:ways:24	75:some:25	0:seeds:26	4:just:27	0:drop:28	0:to:29	3:the:30	0:ground:31	39:the:32	0:wind:33	4:or:34	0:birds:35	0:carry:36	0:seeds:37	0:to:38	0:new:39	0:places:40	0:nearby:41	3:or:42	0:far:43	0:away:44	47:water:45	0:can:46	0:take:47	0:seeds:48	0:on:49	0:a:50	5:journey:51	32:some:52	0:animals:53	0:hide:54	0:seeds:55	0:in:56	0:the:57	0:ground:58	38:seeds:59	0:can:60	0:stick:61	0:to:62	0:an:63	0:animal's:64	0:fur:65	87:or:66	0:to:67	92:a:68	0:person's:69	0:socks:70	65:when:71	0:the:72	0:seeds:73	0:fall:74	0:on:75	0:the:76	0:ground:77	10:they:78	0:wait:79	0:for:80	0:sun:81	0:and:82	0:water:83	0:to:84	0:grow:85"
47361,750392,"46:how:0	0:do:1	0:plants:2	0:find:3	0:homes:4	52:i:5	0:saw:6	0:a:7	0:flower:8	0:growing:9	0:in:10	19:a:11	0:sidewalk:12	29:i:13	0:wondered:14	0:how:15	0:the:16	0:plant:17	0:got:18	0:there:19	47:seeds:20	0:travel:21	0:in:22	0:different:23	0:ways:24	54:some:25	0:seeds:26	0:just:27	0:drop:28	0:to:29	0:the:30	0:ground:31	50:the:32	0:wind:33	0:or:34	0:birds:35	0:carry:36	0:seeds:37	0:to:38	0:new:39	0:places:40	35:nearby:41	0:or:42	0:far:43	0:away:44	61:water:45	0:can:46	0:take:47	0:seeds:48	4:on:49	3:a:50	0:journey:51	34:some:52	0:animals:53	0:hide:54	0:seeds:55	6:in:56	0:the:57	9:ground:58	34:seeds:59	0:can:60	0:stick:61	20:to:62	0:an:63	0:animal's:64	0:fur:65	53:or:66	0:to:67	0:a:68	0:person's:69	0:socks:70	66:when:71	0:the:72	0:seeds:73	0:fall:74	0:on:75	0:the:76	0:ground:77	30:they:78	0:wait:79	0:for:80	0:sun:81	0:and:82	0:water:83	0:to:84	10:grow:85"
47363,750430,"73:how:0	0:do:1	0:plants:2	45:find:3	0:homes:4	10:i:5	82:saw:6	3:a:7	0:flower:8	0:growing:9	0:in:10	0:a:11	0:sidewalk:12	0:i:13	0:wondered:14	0:how:15	0:the:16	0:plant:17	35:got:18	0:there:19	22:seeds:20	3:travel:21	0:in:22	0:different:23	0:ways:24	17:some:25	0:seeds:26	12:just:27	0:drop:28	0:to:29	0:the:30	36:ground:31	20:the:32	0:wind:33	5:or:34	0:birds:35	5:carry:36	0:seeds:37	0:to:38	4:new:39	0:places:40	26:nearby:41	3:or:42	0:far:43	0:away:44	66:water:45	5:can:46	0:take:47	0:seeds:48	0:on:49	0:a:50	0:journey:51	25:some:52	0:animals:53	188:hide:54	0:seeds:55	7:in:56	0:the:57	0:ground:58	30:seeds:59	0:can:60	0:stick:61	14:to:62	0:an:63	0:animal's:64	29:fur:65	23:or:66	0:to:67	4:a:68	0:person's:69	29:socks:70	24:when:71	0:the:72	0:seeds:73	122:fall:74	21:on:75	0:the:76	0:ground:77	23:they:78	0:wait:79	0:for:80	0:sun:81	0:and:82	0:water:83	12:to:84	0:grow:85"
47388,750671,"106:how:0	0:do:1	0:plants:2	12:find:3	0:homes:4	51:i:5	0:saw:6	0:a:7	0:flower:8	0:growing:9	0:in:10	0:a:11	0:sidewalk:12	4:i:13	0:wondered:14	0:how:15	0:the:16	0:plant:17	0:got:18	0:there:19	47:seeds:20	0:travel:21	0:in:22	0:different:23	0:ways:24	0:some:25	0:seeds:26	32:just:27	0:drop:28	0:to:29	0:the:30	0:ground:31	34:the:32	0:wind:33	91:or:34	0:birds:35	0:carry:36	0:seeds:37	0:to:38	0:new:39	0:places:40	0:nearby:41	3:or:42	0:far:43	0:away:44	40:water:45	0:can:46	0:take:47	0:seeds:48	0:on:49	0:a:50	0:journey:51	34:some:52	0:animals:53	0:hide:54	3:seeds:55	18:in:56	0:the:57	0:ground:58	50:seeds:59	0:can:60	0:stick:61	0:to:62	0:an:63	9:animal's:64	0:fur:65	27:or:66	0:to:67	0:a:68	0:person's:69	0:socks:70	18:when:71	0:the:72	0:seeds:73	8:fall:74	0:on:75	0:the:76	0:ground:77	3:they:78	0:wait:79	7:for:80	0:sun:81	0:and:82	0:water:83	0:to:84	0:grow:85"
47421,751005,"65:how:0	0:do:1	0:plants:2	0:find:3	0:homes:4	72:i:5	0:saw:6	0:a:7	0:flower:8	0:growing:9	0:in:10	0:a:11	0:sidewalk:12	0:i:13	0:wondered:14	0:how:15	0:the:16	0:plant:17	0:got:18	0:there:19	39:seeds:20	0:travel:21	0:in:22	0:different:23	0:ways:24	0:some:25	0:seeds:26	0:just:27	0:drop:28	76:to:29	0:the:30	0:ground:31	3:the:32	18:wind:33	0:or:34	0:birds:35	0:carry:36	0:seeds:37	0:to:38	0:new:39	0:places:40	0:nearby:41	0:or:42	0:far:43	0:away:44	28:water:45	0:can:46	0:take:47	0:seeds:48	0:on:49	0:a:50	0:journey:51	0:some:52	0:animals:53	0:hide:54	45:seeds:55	0:in:56	0:the:57	0:ground:58	0:seeds:59	0:can:60	0:stick:61	12:to:62	0:an:63	0:animal's:64	0:fur:65	23:or:66	0:to:67	0:a:68	0:person's:69	0:socks:70	4:when:71	0:the:72	0:seeds:73	0:fall:74	0:on:75	0:the:76	0:ground:77	0:they:78	0:wait:79	0:for:80	0:sun:81	0:and:82	0:water:83	0:to:84	0:grow:85"
47464,751444,"96:how:0	0:do:1	0:plants:2	0:find:3	0:homes:4	13:i:5	0:saw:6	0:a:7	0:flower:8	0:growing:9	0:in:10	0:a:11	0:sidewalk:12	32:i:13	0:wondered:14	0:how:15	0:the:16	0:plant:17	0:got:18	0:there:19	0:seeds:20	0:travel:21	0:in:22	0:different:23	0:ways:24	42:some:25	0:seeds:26	0:just:27	0:drop:28	0:to:29	3:the:30	0:ground:31	25:the:32	0:wind:33	0:or:34	0:birds:35	0:carry:36	0:seeds:37	0:to:38	0:new:39	0:places:40	30:nearby:41	0:or:42	0:far:43	0:away:44	48:water:45	0:can:46	0:take:47	0:seeds:48	0:on:49	0:a:50	0:journey:51	20:some:52	0:animals:53	0:hide:54	0:seeds:55	0:in:56	0:the:57	0:ground:58	21:seeds:59	0:can:60	0:stick:61	0:to:62	26:an:63	0:animal's:64	24:fur:65	8:or:66	0:to:67	0:a:68	0:person's:69	0:socks:70	49:when:71	3:the:72	52:seeds:73	0:fall:74	0:on:75	0:the:76	0:ground:77	0:they:78	0:wait:79	0:for:80	0:sun:81	0:and:82	0:water:83	0:to:84	0:grow:85"
47502,751932,"200:how:0	0:do:1	0:plants:2	0:find:3	0:homes:4	89:i:5	0:saw:6	0:a:7	0:flower:8	0:growing:9	0:in:10	0:a:11	0:sidewalk:12	26:i:13	0:wondered:14	0:how:15	0:the:16	0:plant:17	4:got:18	0:there:19	25:seeds:20	0:travel:21	0:in:22	0:different:23	0:ways:24	14:some:25	0:seeds:26	0:just:27	0:drop:28	0:to:29	0:the:30	0:ground:31	43:the:32	0:wind:33	43:or:34	0:birds:35	0:carry:36	0:seeds:37	0:to:38	0:new:39	0:places:40	39:nearby:41	0:or:42	0:far:43	0:away:44	34:water:45	0:can:46	0:take:47	0:seeds:48	0:on:49	0:a:50	0:journey:51	24:some:52	0:animals:53	0:hide:54	0:seeds:55	29:in:56	0:the:57	0:ground:58	26:seeds:59	0:can:60	0:stick:61	0:to:62	0:an:63	0:animal's:64	0:fur:65	26:or:66	0:to:67	0:a:68	0:person's:69	0:socks:70	37:when:71	0:the:72	0:seeds:73	36:fall:74	0:on:75	0:the:76	0:ground:77	23:they:78	0:wait:79	0:for:80	0:sun:81	0:and:82	0:water:83	0:to:84	0:grow:85"
47767,754877,"75:how:0	22:do:1	0:plants:2	34:find:3	0:homes:4	212:i:5	16:saw:6	0:a:7	0:flower:8	23:growing:9	4:in:10	0:a:11	38:sidewalk:12	50:i:13	0:wondered:14	99:how:15	0:the:16	132:plant:17	0:got:18	8:there:19	42:seeds:20	3:travel:21	0:in:22	0:different:23	22:ways:24	42:some:25	33:seeds:26	362:just:27	0:drop:28	12:to:29	0:the:30	0:ground:31	41:the:32	0:wind:33	5:or:34	0:birds:35	0:carry:36	0:seeds:37	9:to:38	0:new:39	0:places:40	91:nearby:41	3:or:42	0:far:43	0:away:44	164:water:45	0:can:46	213:take:47	25:seeds:48	46:on:49	53:a:50	0:journey:51	0:some:52	0:animals:53	0:hide:54	42:seeds:55	24:in:56	0:the:57	49:ground:58	68:seeds:59	0:can:60	0:stick:61	80:to:62	0:an:63	0:animal's:64	85:fur:65	0:or:66	44:to:67	0:a:68	20:person's:69	0:socks:70	250:when:71	52:the:72	170:seeds:73	42:fall:74	51:on:75	0:the:76	0:ground:77	12:they:78	0:wait:79	0:for:80	0:sun:81	31:and:82	0:water:83	0:to:84	0:grow:85"
47824,755432,"70:how:0	0:do:1	0:plants:2	104:find:3	0:homes:4	35:i:5	0:saw:6	0:a:7	0:flower:8	0:growing:9	8:in:10	0:a:11	0:sidewalk:12	27:i:13	0:wondered:14	0:how:15	0:the:16	0:plant:17	0:got:18	0:there:19	38:seeds:20	0:travel:21	0:in:22	0:different:23	0:ways:24	14:some:25	27:seeds:26	18:just:27	0:drop:28	0:to:29	0:the:30	0:ground:31	24:the:32	0:wind:33	0:or:34	0:birds:35	0:carry:36	0:seeds:37	38:to:38	0:new:39	0:places:40	0:nearby:41	3:or:42	0:far:43	0:away:44	35:water:45	0:can:46	0:take:47	0:seeds:48	0:on:49	4:a:50	3:journey:51	0:some:52	3:animals:53	0:hide:54	0:seeds:55	0:in:56	0:the:57	0:ground:58	47:seeds:59	0:can:60	0:stick:61	12:to:62	0:an:63	0:animal's:64	3:fur:65	6:or:66	0:to:67	0:a:68	0:person's:69	0:socks:70	22:when:71	0:the:72	0:seeds:73	0:fall:74	61:on:75	0:the:76	0:ground:77	0:they:78	0:wait:79	0:for:80	0:sun:81	0:and:82	0:water:83	0:to:84	0:grow:85"
47894,756108,"75:how:0	335:do:1	0:plants:2	0:find:3	0:homes:4	23:i:5	0:saw:6	0:a:7	21:flower:8	0:growing:9	0:in:10	0:a:11	0:sidewalk:12	77:i:13	0:wondered:14	0:how:15	0:the:16	0:plant:17	3:got:18	0:there:19	33:seeds:20	0:travel:21	6:in:22	0:different:23	0:ways:24	0:some:25	0:seeds:26	0:just:27	0:drop:28	69:to:29	0:the:30	0:ground:31	25:the:32	0:wind:33	56:or:34	0:birds:35	0:carry:36	0:seeds:37	0:to:38	0:new:39	0:places:40	0:nearby:41	3:or:42	0:far:43	0:away:44	87:water:45	0:can:46	0:take:47	0:seeds:48	0:on:49	0:a:50	0:journey:51	0:some:52	5:animals:53	0:hide:54	0:seeds:55	0:in:56	0:the:57	0:ground:58	38:seeds:59	0:can:60	0:stick:61	0:to:62	0:an:63	0:animal's:64	0:fur:65	7:or:66	0:to:67	0:a:68	0:person's:69	0:socks:70	61:when:71	33:the:72	136:seeds:73	0:fall:74	0:on:75	0:the:76	0:ground:77	78:they:78	0:wait:79	0:for:80	0:sun:81	0:and:82	0:water:83	0:to:84	0:grow:85"
47912,756277,"121:how:0	0:do:1	27:plants:2	63:find:3	0:homes:4	136:i:5	36:saw:6	0:a:7	10:flower:8	47:growing:9	34:in:10	0:a:11	0:sidewalk:12	173:i:13	18:wondered:14	0:how:15	78:the:16	0:plant:17	0:got:18	0:there:19	35:seeds:20	3:travel:21	4:in:22	0:different:23	0:ways:24	61:some:25	30:seeds:26	57:just:27	375:drop:28	35:to:29	0:the:30	3:ground:31	9:the:32	42:wind:33	0:or:34	911:carry:36	0:seeds:37	89:to:38	0:new:39	0:places:40	116:nearby:41	42:or:42	0:far:43	1001:away:44	185:water:45	124:can:46	0:take:47	0:seeds:48	26:on:49	0:a:50	3:journey:51	9:some:52	29:animals:53	0:hide:54	31:seeds:55	17:in:56	0:the:57	0:ground:58	23:seeds:59	0:can:60	70:stick:61	0:to:62	0:an:63	0:animal's:64	0:fur:65	0:or:66	498:to:67	29:a:68	0:person's:69	0:socks:70	43:when:71	0:the:72	3:seeds:73	0:fall:74	4:on:75	0:the:76	0:ground:77	56:they:78	3:wait:79	40:water:83"
48155,758452,"39:how:0	0:do:1	0:plants:2	8:find:3	0:homes:4	62:i:5	32:saw:6	3:a:7	4:flower:8	0:growing:9	0:in:10	8:a:11	105:sidewalk:12	27:i:13	0:wondered:14	0:how:15	47:the:16	3:plant:17	17:got:18	4:there:19	5:seeds:20	227:travel:21	0:in:22	0:different:23	0:ways:24	178:seeds:26	288:to:29	0:the:30	0:ground:31	35:the:32	44:wind:33	70:or:34	0:birds:35	23:carry:36	0:seeds:37	85:to:38	0:new:39	3:places:40	35:nearby:41	56:or:42	35:far:43	41:away:44	503:water:45	0:can:46	0:take:47	5:seeds:48	101:on:49	0:a:50	0:journey:51	50:some:52	34:animals:53	0:hide:54	3:seeds:55	11:in:56	0:the:57	3:ground:58	39:seeds:59	57:can:60	75:stick:61	31:to:62	29:an:63	646:animal's:64	14:fur:65	0:or:66	15:to:67	0:a:68	484:socks:70	42:when:71	0:the:72	3:seeds:73	0:fall:74	0:on:75	0:the:76	0:ground:77	0:they:78	0:wait:79	0:for:80	50:sun:81	7:and:82	0:water:83	21:to:84	0:grow:85"
48268,759439,"282:how:0	0:do:1	3:plants:2	0:find:3	0:homes:4	140:i:5	62:a:7	0:flower:8	95:growing:9	0:in:10	860:the:16	315:there:19	38:seeds:20	0:travel:21	0:in:22	66:different:23	391:ways:24	40:some:25	89:just:27	64:drop:28	58:to:29	279:the:30	3:ground:31	160:the:32	21:wind:33	76:or:34	203:seeds:37	96:to:38	1253:can:46	42:take:47	93:seeds:48	159:on:49	0:a:50	0:journey:51	155:some:52	4:animals:53	180:hide:54	58:seeds:55	0:in:56	83:the:57	10:ground:58	301:when:71	0:the:72	0:seeds:73	0:fall:74	3:on:75	0:the:76	0:ground:77	31:they:78	101:wait:79"
48359,760149,"115:how:0	0:do:1	0:plants:2	0:find:3	0:homes:4	4:i:5	0:saw:6	0:a:7	0:flower:8	235:growing:9	0:in:10	0:a:11	0:sidewalk:12	40:i:13	0:wondered:14	0:how:15	0:the:16	0:plant:17	0:got:18	0:there:19	41:seeds:20	0:travel:21	0:in:22	0:different:23	0:ways:24	0:some:25	0:seeds:26	0:just:27	0:drop:28	69:to:29	0:the:30	0:ground:31	54:the:32	0:wind:33	0:or:34	0:birds:35	0:carry:36	0:seeds:37	0:to:38	0:new:39	0:places:40	0:nearby:41	0:or:42	0:far:43	0:away:44	189:water:45	0:can:46	3:take:47	0:seeds:48	0:on:49	0:a:50	0:journey:51	88:some:52	0:animals:53	0:hide:54	0:seeds:55	0:in:56	0:the:57	0:ground:58	94:seeds:59	0:can:60	0:stick:61	27:to:62	0:an:63	0:animal's:64	0:fur:65	26:or:66	4:person's:69	0:socks:70	51:when:71	0:the:72	0:seeds:73	0:fall:74	0:on:75	0:the:76	0:ground:77	0:they:78	0:wait:79	0:for:80	0:sun:81	0:and:82	0:water:83	0:to:84	0:grow:85"
48410,760700,"154:how:0	0:do:1	0:plants:2	0:find:3	0:homes:4	124:i:5	0:saw:6	0:a:7	0:flower:8	50:growing:9	14:in:10	3:a:11	0:sidewalk:12	8:i:13	0:wondered:14	0:how:15	3:the:16	0:plant:17	3:got:18	4:there:19	106:seeds:20	15:travel:21	44:in:22	3:different:23	0:ways:24	122:some:25	0:seeds:26	0:just:27	0:drop:28	55:to:29	0:the:30	0:ground:31	92:the:32	0:wind:33	39:or:34	0:birds:35	26:carry:36	9:seeds:37	0:to:38	0:new:39	0:places:40	0:nearby:41	32:or:42	0:far:43	0:away:44	130:water:45	24:can:46	4:take:47	6:seeds:48	47:on:49	0:a:50	0:journey:51	0:some:52	0:animals:53	0:hide:54	23:seeds:55	52:in:56	0:the:57	0:ground:58	49:seeds:59	8:can:60	15:stick:61	6:to:62	7:an:63	0:animal's:64	140:fur:65	0:or:66	0:to:67	0:a:68	0:person's:69	0:socks:70	227:when:71	0:the:72	0:seeds:73	20:fall:74	8:on:75	0:the:76	0:ground:77	39:they:78	0:wait:79	11:for:80	0:sun:81	66:and:82	0:water:83	0:to:84	0:grow:85"
48418,760774,"110:how:0	0:do:1	0:plants:2	0:find:3	0:homes:4	10:i:5	0:saw:6	0:a:7	0:flower:8	0:growing:9	3:in:10	0:a:11	157:sidewalk:12	111:i:13	0:wondered:14	3:how:15	3:the:16	0:plant:17	64:got:18	13:there:19	28:seeds:20	0:travel:21	0:in:22	0:different:23	0:ways:24	87:some:25	0:seeds:26	40:just:27	135:drop:28	13:to:29	3:the:30	3:ground:31	91:the:32	0:wind:33	8:or:34	44:birds:35	30:carry:36	3:seeds:37	3:to:38	30:new:39	0:places:40	9:nearby:41	4:or:42	0:far:43	36:away:44	0:water:45	0:can:46	49:take:47	59:seeds:48	60:a:50	3:journey:51	223:some:52	0:animals:53	39:hide:54	0:seeds:55	8:in:56	21:the:57	3:ground:58	192:seeds:59	0:can:60	5:stick:61	51:to:62	40:an:63	0:animal's:64	0:fur:65	297:or:66	0:to:67	3:a:68	0:person's:69	0:socks:70	256:when:71	21:the:72	0:seeds:73	14:fall:74	3:on:75	0:the:76	3:ground:77	44:they:78	0:wait:79	0:for:80	433:sun:81	22:and:82	0:water:83	0:to:84	0:grow:85"
48539,761914,"111:how:0	0:do:1	0:plants:2	76:find:3	8:homes:4	134:i:5	0:saw:6	0:a:7	0:flower:8	0:growing:9	13:in:10	76:a:11	303:sidewalk:12	105:i:13	132:wondered:14	19:how:15	57:the:16	3:plant:17	7:got:18	0:there:19	164:seeds:20	0:travel:21	7:in:22	288:different:23	5:ways:24	101:some:25	0:seeds:26	15:just:27	389:drop:28	141:to:29	0:the:30	0:ground:31	112:the:32	501:wind:33	0:or:34	1012:carry:36	4:seeds:37	156:to:38	0:new:39	3:places:40	141:nearby:41	27:or:42	3:far:43	0:away:44	52:water:45	82:can:46	101:take:47	3:seeds:48	40:on:49	3:a:50	38:journey:51	4:some:52	0:animals:53	50:hide:54	0:seeds:55	27:in:56	0:the:57	3:ground:58	80:seeds:59	0:can:60	100:stick:61	17:to:62	113:an:63	3:to:67	3:a:68	4:and:82	0:water:83	56:to:84	0:grow:85"
48821,764258,"77:how:0	0:do:1	0:plants:2	85:find:3	0:homes:4	178:i:5	0:saw:6	3:a:7	0:flower:8	42:growing:9	0:in:10	0:a:11	41:sidewalk:12	25:i:13	0:wondered:14	0:how:15	11:the:16	3:plant:17	0:got:18	0:there:19	35:seeds:20	20:travel:21	13:in:22	0:different:23	0:ways:24	25:some:25	0:seeds:26	0:just:27	32:drop:28	0:to:29	40:the:30	0:ground:31	57:the:32	0:wind:33	0:or:34	19:birds:35	0:carry:36	0:seeds:37	45:to:38	0:new:39	0:places:40	87:nearby:41	0:or:42	0:far:43	0:away:44	91:water:45	0:can:46	22:take:47	0:seeds:48	38:on:49	0:a:50	0:journey:51	0:some:52	36:animals:53	0:hide:54	28:seeds:55	6:in:56	0:the:57	0:ground:58	3:seeds:59	0:can:60	64:stick:61	62:to:62	133:an:63	0:animal's:64	548:to:67	25:a:68	3:person's:69	0:socks:70	54:when:71	26:the:72	21:seeds:73	4:fall:74	0:on:75	0:the:76	0:ground:77	5:they:78	0:wait:79	37:for:80	60:sun:81	32:and:82	0:water:83	0:to:84	0:grow:85"
48927,765397,"100:how:0	42:do:1	3:plants:2	0:find:3	0:homes:4	334:a:7	0:flower:8	99:growing:9	0:in:10	6:a:11	0:sidewalk:12	35:i:13	0:wondered:14	0:how:15	36:the:16	21:plant:17	62:got:18	0:there:19	59:seeds:20	0:travel:21	3:in:22	21:different:23	0:ways:24	0:some:25	0:seeds:26	0:just:27	0:drop:28	145:to:29	0:the:30	0:ground:31	56:the:32	0:wind:33	0:or:34	0:birds:35	0:carry:36	0:seeds:37	46:to:38	0:new:39	0:places:40	4:nearby:41	0:or:42	0:far:43	0:away:44	70:water:45	602:can:46	25:take:47	3:seeds:48	30:on:49	3:a:50	0:journey:51	12:some:52	7:animals:53	0:hide:54	62:seeds:55	87:in:56	0:the:57	0:ground:58	179:seeds:59	0:can:60	0:stick:61	0:to:62	0:an:63	0:animal's:64	0:fur:65	57:or:66	0:to:67	0:a:68	0:person's:69	0:socks:70	98:when:71	0:the:72	0:seeds:73	0:fall:74	0:on:75	0:the:76	0:ground:77	98:they:78	0:wait:79	0:for:80	0:sun:81	87:and:82	0:water:83	38:to:84	0:grow:85"
48972,765852,"129:how:0	0:do:1	3:plants:2	71:find:3	3:homes:4	71:i:5	0:saw:6	0:a:7	0:flower:8	0:growing:9	39:in:10	63:a:11	0:sidewalk:12	41:i:13	0:wondered:14	0:how:15	36:the:16	0:plant:17	0:got:18	0:there:19	57:seeds:20	0:travel:21	0:in:22	0:different:23	0:ways:24	52:some:25	4:seeds:26	8:just:27	0:drop:28	11:to:29	0:the:30	0:ground:31	53:the:32	0:wind:33	0:or:34	0:birds:35	0:carry:36	3:seeds:37	29:to:38	0:new:39	0:places:40	0:nearby:41	4:or:42	0:far:43	0:away:44	71:water:45	0:can:46	65:take:47	8:seeds:48	0:on:49	0:a:50	0:journey:51	48:some:52	3:animals:53	20:hide:54	27:seeds:55	47:in:56	0:the:57	0:ground:58	70:seeds:59	0:can:60	8:stick:61	0:to:62	0:an:63	4:animal's:64	11:fur:65	45:or:66	0:to:67	0:a:68	0:person's:69	0:socks:70	105:when:71	11:the:72	0:seeds:73	0:fall:74	3:on:75	0:the:76	0:ground:77	32:they:78	0:wait:79	0:for:80	16:sun:81	19:and:82	0:water:83	6:to:84	0:grow:85"
48978,765936,"0:how:0	0:do:1	18:plants:2	91:find:3	20:homes:4	45:i:5	289:i:13	253:plant:17	0:got:18	17:there:19	53:seeds:20	0:travel:21	0:in:22	0:different:23	0:ways:24	59:some:25	0:seeds:26	0:just:27	0:drop:28	13:to:29	58:the:30	3:ground:31	80:the:32	26:wind:33	16:or:34	0:birds:35	4:carry:36	0:seeds:37	0:to:38	97:new:39	0:places:40	0:nearby:41	0:or:42	3:far:43	0:away:44	57:water:45	0:can:46	0:take:47	25:seeds:48	6:on:49	0:a:50	0:journey:51	57:some:52	23:hide:54	3:in:56	4:the:57	9:ground:58	117:seeds:59	6:can:60	43:stick:61	53:to:62	0:an:63	0:animal's:64	66:fur:65	44:or:66	8:to:67	107:a:68	198:the:72	3:seeds:73	14:fall:74	37:on:75	3:the:76	7:ground:77	99:they:78	5:wait:79	51:for:80	3:sun:81	0:and:82	0:water:83	0:to:84	10:grow:85"
49169,767975,"127:how:0	0:do:1	3:plants:2	0:find:3	0:homes:4	33:i:5	0:saw:6	68:a:7	0:flower:8	113:growing:9	36:in:10	0:a:11	157:sidewalk:12	1118:how:15	3:the:16	3:plant:17	35:got:18	0:there:19	37:seeds:20	30:travel:21	11:in:22	0:different:23	18:ways:24	0:some:25	0:seeds:26	6:just:27	53:drop:28	12:to:29	0:the:30	36:ground:31	67:the:32	13:wind:33	0:or:34	133:birds:35	68:carry:36	6:seeds:37	29:to:38	40:new:39	0:places:40	89:nearby:41	21:or:42	18:far:43	3:away:44	130:water:45	130:can:46	0:take:47	0:seeds:48	12:on:49	77:a:50	28:journey:51	3:some:52	0:animals:53	0:hide:54	0:seeds:55	4:in:56	118:the:57	8:ground:58	24:seeds:59	0:can:60	0:stick:61	106:to:62	0:an:63	0:animal's:64	165:fur:65	82:or:66	0:to:67	3:a:68	63:person's:69	147:socks:70	130:when:71	6:the:72	0:seeds:73	0:fall:74	0:on:75	0:the:76	0:ground:77	0:they:78	203:wait:79	0:for:80	30:sun:81	0:and:82	0:water:83	0:to:84	0:grow:85"
49197,768332,"85:how:0	0:do:1	0:plants:2	0:find:3	20:homes:4	55:i:5	0:saw:6	0:a:7	0:flower:8	0:growing:9	0:in:10	6:a:11	0:sidewalk:12	0:i:13	0:wondered:14	0:how:15	0:the:16	0:plant:17	0:got:18	0:there:19	40:seeds:20	0:travel:21	0:in:22	0:different:23	0:ways:24	0:some:25	0:seeds:26	0:just:27	0:drop:28	4:to:29	0:the:30	0:ground:31	29:the:32	0:wind:33	98:or:34	0:birds:35	0:carry:36	0:seeds:37	0:to:38	0:new:39	0:places:40	0:nearby:41	73:or:42	0:far:43	0:away:44	63:water:45	0:can:46	0:take:47	0:seeds:48	0:on:49	3:a:50	0:journey:51	28:some:52	0:animals:53	46:hide:54	0:seeds:55	0:in:56	0:the:57	0:ground:58	0:seeds:59	8:can:60	0:stick:61	126:to:62	0:an:63	0:animal's:64	0:fur:65	0:or:66	198:to:67	0:a:68	0:person's:69	0:socks:70	144:when:71	0:the:72	0:seeds:73	5:fall:74	38:on:75	0:the:76	0:ground:77	41:they:78	98:wait:79	0:for:80	0:sun:81	0:and:82	0:water:83	0:to:84	0:grow:85"
49373,770432,"112:how:0	0:do:1	0:plants:2	0:find:3	0:homes:4	11:i:5	0:saw:6	0:a:7	0:flower:8	0:growing:9	75:in:10	0:a:11	0:sidewalk:12	50:i:13	0:wondered:14	0:how:15	0:the:16	0:plant:17	0:got:18	0:there:19	29:seeds:20	0:travel:21	91:in:22	0:different:23	0:ways:24	0:some:25	0:seeds:26	0:just:27	0:drop:28	0:to:29	0:the:30	0:ground:31	35:the:32	0:wind:33	0:or:34	0:birds:35	0:carry:36	0:seeds:37	66:to:38	0:new:39	0:places:40	38:nearby:41	5:or:42	0:far:43	0:away:44	41:water:45	0:can:46	0:take:47	0:seeds:48	0:on:49	0:a:50	0:journey:51	31:some:52	0:animals:53	0:hide:54	0:seeds:55	3:in:56	0:the:57	0:ground:58	35:seeds:59	0:can:60	87:stick:61	24:to:62	0:an:63	0:animal's:64	15:fur:65	0:or:66	0:to:67	0:a:68	0:person's:69	0:socks:70	63:when:71	0:the:72	0:seeds:73	0:fall:74	0:on:75	0:the:76	0:ground:77	0:they:78	0:wait:79	0:for:80	0:sun:81	50:and:82	0:water:83	0:to:84	0:grow:85"
49541,772052,"1583:how:0	0:do:1	0:plants:2	0:find:3	314:homes:4	121:i:5	0:saw:6	0:a:7	39:flower:8	448:growing:9	73:in:10	48:a:11	321:sidewalk:12	150:i:13	239:wondered:14	19:how:15	815:the:16	32:plant:17	0:got:18	0:there:19	577:in:22	187:the:30	442:the:32	7:wind:33	11:or:34	567:seeds:37	43:to:38	0:new:39	1001:on:49"
49581,772457,"202:how:0	0:do:1	35:plants:2	38:find:3	0:homes:4	52:i:5	0:saw:6	0:a:7	0:flower:8	0:growing:9	28:in:10	34:a:11	0:sidewalk:12	54:i:13	0:wondered:14	0:how:15	3:the:16	22:plant:17	17:got:18	0:there:19	122:seeds:20	0:travel:21	0:in:22	0:different:23	0:ways:24	36:some:25	0:seeds:26	5:just:27	16:drop:28	0:to:29	0:the:30	3:ground:31	79:the:32	0:wind:33	38:or:34	9:birds:35	0:carry:36	5:seeds:37	32:to:38	0:new:39	0:places:40	3:nearby:41	59:or:42	0:far:43	0:away:44	112:water:45	0:can:46	0:take:47	15:seeds:48	70:on:49	3:a:50	99:journey:51	74:some:52	4:animals:53	34:hide:54	67:seeds:55	41:in:56	85:the:57	0:ground:58	90:seeds:59	12:can:60	45:stick:61	132:to:62	0:an:63	51:animal's:64	9:fur:65	206:or:66	0:to:67	0:a:68	0:person's:69	0:socks:70	92:when:71	136:the:72	17:seeds:73	10:fall:74	0:on:75	0:the:76	0:ground:77	105:they:78	0:wait:79	21:for:80	12:sun:81	0:and:82	0:water:83	94:to:84	0:grow:85"
49599,772604,"125:how:0	0:do:1	3:plants:2	0:find:3	0:homes:4	170:i:5	0:saw:6	0:a:7	0:flower:8	0:growing:9	3:in:10	39:a:11	0:sidewalk:12	168:i:13	0:wondered:14	20:how:15	0:the:16	3:plant:17	104:got:18	22:there:19	60:seeds:20	0:travel:21	3:in:22	0:different:23	0:ways:24	125:some:25	12:seeds:26	0:just:27	8:drop:28	31:to:29	0:the:30	0:ground:31	171:the:32	0:wind:33	71:or:34	0:birds:35	8:carry:36	0:seeds:37	136:to:38	0:new:39	0:places:40	12:nearby:41	54:or:42	90:far:43	0:away:44	85:water:45	0:can:46	0:take:47	4:seeds:48	82:on:49	3:a:50	0:journey:51	52:some:52	0:animals:53	0:hide:54	0:seeds:55	27:in:56	93:the:57	0:ground:58	26:seeds:59	0:can:60	0:stick:61	22:to:62	14:an:63	9:animal's:64	55:fur:65	65:or:66	11:to:67	100:a:68	0:person's:69	0:socks:70	212:when:71	0:the:72	0:seeds:73	0:fall:74	33:on:75	0:the:76	0:ground:77	61:they:78	0:wait:79	15:for:80	0:sun:81	46:and:82	0:water:83	0:to:84	0:grow:85"
49607,772665,"220:how:0	0:do:1	28:plants:2	68:find:3	0:homes:4	64:i:5	3:saw:6	0:a:7	161:flower:8	195:growing:9	88:in:10	28:a:11	69:sidewalk:12	377:the:16	229:got:18	17:there:19	3:seeds:20	72:travel:21	32:in:22	38:different:23	33:ways:24	75:some:25	0:seeds:26	0:just:27	11:drop:28	48:to:29	42:the:30	113:ground:31	3:the:32	96:wind:33	0:or:34	969:to:38	66:new:39	219:water:45	25:can:46	793:the:57	23:ground:58	323:or:66"
49661,773099,"16:how:0	0:do:1	3:plants:2	0:find:3	0:homes:4	3:i:5	0:saw:6	0:a:7	0:flower:8	0:growing:9	21:in:10	0:a:11	0:sidewalk:12	0:i:13	0:wondered:14	87:how:15	0:the:16	0:plant:17	5:got:18	0:there:19	17:seeds:20	0:travel:21	0:in:22	0:different:23	0:ways:24	0:some:25	0:seeds:26	0:just:27	0:drop:28	0:to:29	0:the:30	0:ground:31	121:the:32	0:wind:33	34:or:34	0:birds:35	0:carry:36	0:seeds:37	0:to:38	117:new:39	0:places:40	10:nearby:41	4:or:42	0:far:43	0:away:44	59:water:45	144:can:46	0:take:47	0:seeds:48	0:on:49	0:a:50	0:journey:51	41:some:52	0:animals:53	0:hide:54	0:seeds:55	0:in:56	0:the:57	0:ground:58	78:seeds:59	0:can:60	0:stick:61	0:to:62	141:an:63	0:animal's:64	33:fur:65	71:or:66	0:to:67	0:a:68	0:person's:69	0:socks:70	179:when:71	131:the:72	0:seeds:73	0:fall:74	0:on:75	0:the:76	3:ground:77	63:they:78	0:wait:79	0:for:80	0:sun:81	0:and:82	0:water:83	0:to:84	0:grow:85"
49698,773426,"110:how:0	0:do:1	19:plants:2	0:find:3	3:homes:4	105:i:5	0:saw:6	3:a:7	0:flower:8	3:growing:9	3:in:10	0:a:11	0:sidewalk:12	12:i:13	0:wondered:14	0:how:15	0:the:16	6:plant:17	34:got:18	0:there:19	88:seeds:20	0:travel:21	13:in:22	0:different:23	0:ways:24	45:some:25	0:seeds:26	19:just:27	14:drop:28	115:to:29	0:the:30	0:ground:31	42:the:32	0:wind:33	33:or:34	0:birds:35	0:carry:36	3:seeds:37	10:to:38	0:new:39	0:places:40	50:nearby:41	5:or:42	0:far:43	0:away:44	83:water:45	0:can:46	0:take:47	3:seeds:48	24:on:49	0:a:50	0:journey:51	15:some:52	0:animals:53	47:hide:54	0:seeds:55	3:in:56	0:the:57	0:ground:58	28:seeds:59	0:can:60	8:stick:61	46:to:62	0:an:63	0:animal's:64	9:fur:65	4:or:66	3:to:67	0:a:68	0:person's:69	0:socks:70	78:when:71	0:the:72	0:seeds:73	0:fall:74	7:on:75	0:the:76	0:ground:77	14:they:78	0:wait:79	0:for:80	0:sun:81	0:and:82	0:water:83	3:to:84	0:grow:85"
49703,773475,"111:how:0	0:do:1	3:plants:2	12:find:3	0:homes:4	73:i:5	3:saw:6	3:a:7	0:flower:8	0:growing:9	43:in:10	0:a:11	3:sidewalk:12	3:i:13	0:wondered:14	3:how:15	0:the:16	3:plant:17	0:got:18	0:there:19	46:seeds:20	0:travel:21	0:in:22	0:different:23	0:ways:24	56:some:25	0:seeds:26	5:just:27	0:drop:28	11:to:29	0:the:30	3:ground:31	60:the:32	0:wind:33	3:or:34	0:birds:35	0:carry:36	24:seeds:37	61:to:38	0:new:39	0:places:40	52:nearby:41	32:or:42	0:far:43	0:away:44	47:water:45	6:can:46	0:take:47	3:seeds:48	30:on:49	3:a:50	0:journey:51	3:some:52	0:animals:53	0:hide:54	37:seeds:55	57:in:56	0:the:57	3:ground:58	43:seeds:59	0:can:60	7:stick:61	47:to:62	6:an:63	0:animal's:64	0:fur:65	74:or:66	0:to:67	3:a:68	0:person's:69	0:socks:70	108:when:71	8:the:72	15:seeds:73	10:fall:74	0:on:75	0:the:76	3:ground:77	47:they:78	0:wait:79	4:for:80	8:sun:81	29:and:82	0:water:83	4:to:84	0:grow:85"
49841,774702,"145:how:0	0:do:1	3:plants:2	38:find:3	0:homes:4	117:i:5	4:saw:6	3:a:7	0:flower:8	0:growing:9	0:in:10	0:a:11	0:sidewalk:12	8:i:13	0:wondered:14	0:how:15	0:the:16	15:plant:17	0:got:18	0:there:19	268:seeds:20	0:travel:21	0:in:22	0:different:23	0:ways:24	83:some:25	0:seeds:26	12:just:27	0:drop:28	0:to:29	31:the:30	0:ground:31	31:the:32	0:wind:33	39:or:34	0:birds:35	16:carry:36	5:seeds:37	0:to:38	0:new:39	0:places:40	4:nearby:41	87:or:42	0:far:43	3:away:44	86:water:45	3:can:46	0:take:47	3:seeds:48	0:on:49	0:a:50	0:journey:51	25:some:52	0:animals:53	0:hide:54	0:seeds:55	6:in:56	0:the:57	0:ground:58	64:seeds:59	0:can:60	25:stick:61	0:to:62	0:an:63	0:animal's:64	53:fur:65	3:or:66	0:to:67	115:a:68	27:person's:69	14:socks:70	188:when:71	0:the:72	16:seeds:73	119:fall:74	0:on:75	0:the:76	0:ground:77	0:they:78	0:wait:79	0:for:80	0:sun:81	0:and:82	0:water:83	0:to:84	0:grow:85"
49998,776213,"89:how:0	0:do:1	0:plants:2	0:find:3	0:homes:4	71:i:5	0:saw:6	0:a:7	0:flower:8	54:growing:9	26:in:10	0:a:11	0:sidewalk:12	31:i:13	0:wondered:14	0:how:15	0:the:16	0:plant:17	0:got:18	0:there:19	61:seeds:20	0:travel:21	0:in:22	0:different:23	0:ways:24	53:some:25	0:seeds:26	10:just:27	0:drop:28	0:to:29	0:the:30	0:ground:31	49:the:32	0:wind:33	47:or:34	0:birds:35	0:carry:36	0:seeds:37	0:to:38	0:new:39	0:places:40	0:nearby:41	0:or:42	0:far:43	0:away:44	55:water:45	20:can:46	0:take:47	0:seeds:48	10:on:49	0:a:50	0:journey:51	34:some:52	0:animals:53	0:hide:54	0:seeds:55	0:in:56	0:the:57	0:ground:58	69:seeds:59	0:can:60	0:stick:61	0:to:62	0:an:63	0:animal's:64	0:fur:65	0:or:66	49:to:67	0:a:68	0:person's:69	0:socks:70	67:when:71	21:the:72	0:seeds:73	0:fall:74	0:on:75	0:the:76	0:ground:77	46:they:78	0:wait:79	0:for:80	0:sun:81	0:and:82	0:water:83	0:to:84	0:grow:85"
50020,776447,"577:how:0	128:do:1	0:plants:2	0:find:3	0:homes:4	54:i:5	0:saw:6	3:a:7	0:flower:8	0:growing:9	53:in:10	0:a:11	0:sidewalk:12	37:i:13	0:wondered:14	0:how:15	5:the:16	6:plant:17	0:got:18	0:there:19	39:seeds:20	0:travel:21	0:in:22	0:different:23	38:ways:24	96:some:25	0:seeds:26	0:just:27	0:drop:28	76:to:29	11:the:30	0:ground:31	0:the:32	62:wind:33	6:or:34	49:birds:35	179:carry:36	3:seeds:37	5:to:38	0:new:39	0:places:40	69:nearby:41	117:or:42	12:far:43	5:away:44	73:water:45	19:can:46	58:take:47	25:seeds:48	63:on:49	4:a:50	4:journey:51	5:some:52	0:animals:53	0:hide:54	7:seeds:55	40:in:56	12:the:57	3:ground:58	140:seeds:59	6:can:60	47:stick:61	0:to:62	0:an:63	0:animal's:64	29:fur:65	184:or:66	19:to:67	82:a:68	0:person's:69	0:socks:70	74:when:71	5:the:72	0:seeds:73	19:fall:74	80:on:75	3:the:76	3:ground:77	195:they:78	10:wait:79	27:for:80	15:sun:81	21:and:82	0:water:83	0:to:84	3:grow:85"
50030,776548,"167:how:0	0:do:1	0:plants:2	7:find:3	0:homes:4	14:i:5	4:saw:6	27:a:7	0:flower:8	37:growing:9	6:in:10	3:a:11	6:sidewalk:12	26:i:13	0:wondered:14	0:how:15	76:the:16	0:plant:17	11:got:18	210:there:19	0:seeds:20	0:travel:21	0:in:22	0:different:23	0:ways:24	6:some:25	0:seeds:26	3:just:27	57:drop:28	0:to:29	0:the:30	0:ground:31	3:the:32	0:wind:33	89:or:34	4:birds:35	0:carry:36	0:seeds:37	26:to:38	0:new:39	0:places:40	3:nearby:41	41:or:42	0:far:43	0:away:44	109:water:45	5:can:46	0:take:47	3:seeds:48	0:on:49	0:a:50	0:journey:51	51:some:52	0:animals:53	0:hide:54	8:seeds:55	45:in:56	0:the:57	0:ground:58	0:seeds:59	0:can:60	87:stick:61	30:to:62	0:an:63	0:animal's:64	0:fur:65	63:or:66	30:to:67	0:a:68	0:person's:69	21:socks:70	111:when:71	8:the:72	0:seeds:73	0:fall:74	5:on:75	0:the:76	0:ground:77	57:they:78	0:wait:79	0:for:80	0:sun:81	0:and:82	0:water:83	100:to:84	0:grow:85"
50031,776566,"97:how:0	0:do:1	0:plants:2	0:find:3	0:homes:4	45:i:5	34:saw:6	3:a:7	0:flower:8	0:growing:9	3:in:10	3:a:11	342:wondered:14	0:how:15	0:the:16	0:plant:17	19:got:18	0:there:19	0:seeds:20	0:travel:21	0:in:22	0:different:23	0:ways:24	0:some:25	19:seeds:26	0:just:27	0:drop:28	15:to:29	6:the:30	0:ground:31	67:the:32	27:wind:33	45:or:34	0:birds:35	0:carry:36	0:seeds:37	0:to:38	56:new:39	0:places:40	23:nearby:41	43:or:42	0:far:43	0:away:44	28:water:45	77:can:46	0:take:47	0:seeds:48	4:on:49	23:a:50	3:journey:51	6:some:52	0:animals:53	0:hide:54	26:seeds:55	0:in:56	13:the:57	3:ground:58	53:seeds:59	0:can:60	0:stick:61	45:to:62	125:an:63	0:animal's:64	0:fur:65	46:or:66	23:to:67	3:a:68	0:person's:69	104:socks:70	61:when:71	0:the:72	0:seeds:73	0:fall:74	95:on:75	20:the:76	0:ground:77	5:they:78	3:wait:79	0:for:80	3:sun:81	7:and:82	228:water:83	50:grow:85"
50061,776904,"89:how:0	0:do:1	182:homes:4	95:i:5	0:saw:6	23:a:7	3:flower:8	0:growing:9	39:in:10	3:a:11	0:sidewalk:12	56:i:13	15:wondered:14	90:how:15	0:the:16	29:plant:17	0:got:18	0:there:19	83:seeds:20	0:travel:21	5:in:22	79:different:23	3:ways:24	98:some:25	3:seeds:26	23:just:27	0:drop:28	151:to:29	117:the:30	71:ground:31	38:the:32	3:wind:33	6:or:34	17:birds:35	31:carry:36	8:seeds:37	0:to:38	0:new:39	12:places:40	3:nearby:41	7:or:42	28:far:43	10:away:44	5:water:45	323:on:49	4:a:50	0:journey:51	60:some:52	0:animals:53	0:hide:54	0:seeds:55	0:in:56	16:the:57	49:ground:58	0:seeds:59	0:can:60	0:stick:61	28:to:62	5:an:63	0:animal's:64	64:fur:65	0:or:66	70:to:67	9:a:68	3:person's:69	0:socks:70	72:when:71	3:the:72	0:seeds:73	0:fall:74	32:on:75	0:the:76	0:ground:77	38:they:78	0:wait:79	0:for:80	0:sun:81	0:and:82	0:water:83	0:to:84	0:grow:85"
50103,777296,"179:how:0	0:do:1	0:plants:2	74:find:3	0:homes:4	99:i:5	0:saw:6	0:a:7	9:flower:8	0:growing:9	5:in:10	8:a:11	0:sidewalk:12	32:i:13	0:wondered:14	18:how:15	3:the:16	4:plant:17	0:got:18	0:there:19	71:seeds:20	0:travel:21	0:in:22	0:different:23	17:ways:24	59:some:25	0:seeds:26	0:just:27	11:drop:28	3:to:29	0:the:30	0:ground:31	10:the:32	171:wind:33	0:or:34	3:birds:35	0:carry:36	0:seeds:37	7:to:38	0:new:39	4:places:40	47:nearby:41	0:or:42	0:far:43	0:away:44	72:water:45	3:can:46	0:take:47	0:seeds:48	0:on:49	0:a:50	0:journey:51	58:some:52	72:animals:53	47:hide:54	0:seeds:55	0:in:56	0:the:57	0:ground:58	61:seeds:59	0:can:60	0:stick:61	0:to:62	0:an:63	0:animal's:64	12:fur:65	31:or:66	45:to:67	0:a:68	0:person's:69	0:socks:70	77:when:71	0:the:72	0:seeds:73	0:fall:74	0:on:75	0:the:76	0:ground:77	29:they:78	0:wait:79	43:for:80	0:sun:81	14:and:82	0:water:83	3:to:84	0:grow:85"
50118,777462,"91:how:0	0:do:1	0:plants:2	0:find:3	0:homes:4	34:i:5	0:saw:6	0:a:7	0:flower:8	0:growing:9	0:in:10	0:a:11	0:sidewalk:12	9:i:13	0:wondered:14	0:how:15	0:the:16	0:plant:17	6:got:18	0:there:19	39:seeds:20	15:travel:21	0:in:22	0:different:23	0:ways:24	6:some:25	0:seeds:26	0:just:27	0:drop:28	17:to:29	0:the:30	0:ground:31	0:the:32	0:wind:33	3:or:34	0:birds:35	0:carry:36	0:seeds:37	0:to:38	0:new:39	0:places:40	0:nearby:41	32:or:42	0:far:43	0:away:44	9:water:45	0:can:46	0:take:47	0:seeds:48	0:on:49	0:a:50	0:journey:51	3:some:52	0:animals:53	0:hide:54	0:seeds:55	0:in:56	0:the:57	0:ground:58	91:seeds:59	0:can:60	0:stick:61	15:to:62	36:an:63	27:animal's:64	0:fur:65	38:or:66	0:to:67	0:a:68	0:person's:69	0:socks:70	33:when:71	0:the:72	0:seeds:73	0:fall:74	5:on:75	0:the:76	0:ground:77	0:they:78	0:wait:79	0:for:80	0:sun:81	0:and:82	0:water:83	0:to:84	0:grow:85"
50140,777703,"41:how:0	0:do:1	0:plants:2	0:find:3	0:homes:4	115:i:5	0:saw:6	5:a:7	0:flower:8	0:growing:9	0:in:10	8:a:11	66:sidewalk:12	0:i:13	0:wondered:14	0:how:15	39:the:16	0:plant:17	80:got:18	0:there:19	77:seeds:20	0:travel:21	0:in:22	0:different:23	6:ways:24	126:some:25	0:seeds:26	16:just:27	212:the:30	0:ground:31	90:the:32	0:wind:33	0:or:34	0:birds:35	0:carry:36	0:seeds:37	131:to:38	4:new:39	0:places:40	193:or:42	32:can:46	0:take:47	3:seeds:48	16:on:49	4:a:50	3:journey:51	98:some:52	0:animals:53	0:hide:54	47:seeds:55	179:in:56	17:the:57	0:ground:58	76:seeds:59	0:can:60	0:stick:61	70:to:62	96:to:67	254:when:71	103:the:72	27:seeds:73	37:fall:74	0:on:75	0:the:76	0:ground:77	64:they:78	3:wait:79	0:for:80	0:sun:81	68:and:82	0:water:83	0:to:84	0:grow:85"
50193,778280,"62:how:0	251:do:1	0:plants:2	43:find:3	0:homes:4	55:i:5	0:saw:6	3:a:7	0:flower:8	0:growing:9	0:in:10	0:a:11	0:sidewalk:12	52:i:13	0:wondered:14	25:how:15	0:the:16	11:plant:17	0:got:18	0:there:19	72:seeds:20	0:travel:21	0:in:22	0:different:23	0:ways:24	49:some:25	0:seeds:26	0:just:27	0:drop:28	0:to:29	15:the:30	0:ground:31	92:the:32	0:wind:33	3:or:34	0:birds:35	0:carry:36	0:seeds:37	0:to:38	0:new:39	0:places:40	0:nearby:41	3:or:42	11:far:43	0:away:44	74:water:45	0:can:46	0:take:47	0:seeds:48	0:on:49	0:a:50	0:journey:51	59:some:52	0:animals:53	95:hide:54	16:seeds:55	0:in:56	3:the:57	0:ground:58	87:seeds:59	0:can:60	0:stick:61	0:to:62	0:an:63	66:animal's:64	6:fur:65	8:or:66	0:to:67	0:a:68	0:person's:69	0:socks:70	66:when:71	0:the:72	0:seeds:73	27:fall:74	0:on:75	0:the:76	0:ground:77	109:they:78	0:wait:79	0:for:80	0:sun:81	0:and:82	0:water:83	0:to:84	0:grow:85"
50212,778446,"223:how:0	0:do:1	0:plants:2	0:find:3	0:homes:4	7:i:5	0:saw:6	0:a:7	0:flower:8	0:growing:9	0:in:10	0:a:11	107:sidewalk:12	4:i:13	0:wondered:14	0:how:15	0:the:16	0:plant:17	5:got:18	0:there:19	30:seeds:20	0:travel:21	0:in:22	0:different:23	0:ways:24	27:some:25	0:seeds:26	4:just:27	0:drop:28	0:to:29	0:the:30	0:ground:31	236:the:32	0:wind:33	4:or:34	1284:birds:35	0:carry:36	0:seeds:37	7:to:38	0:new:39	0:places:40	132:nearby:41	3:or:42	0:far:43	0:away:44	72:water:45	0:can:46	0:take:47	0:seeds:48	0:on:49	0:a:50	0:journey:51	9:some:52	0:animals:53	0:hide:54	42:seeds:55	0:in:56	0:the:57	36:ground:58	70:seeds:59	0:can:60	0:stick:61	0:to:62	0:an:63	0:animal's:64	68:fur:65	0:or:66	36:to:67	3:a:68	0:person's:69	10:socks:70	57:when:71	123:the:72	0:seeds:73	106:fall:74	3:on:75	0:the:76	0:ground:77	21:they:78	3:wait:79	26:for:80	10:sun:81	0:and:82	0:water:83	70:to:84	3:grow:85"
50232,778646,"65:how:0	0:do:1	0:plants:2	0:find:3	0:homes:4	3:i:5	0:saw:6	0:a:7	0:flower:8	44:growing:9	37:in:10	0:a:11	0:sidewalk:12	0:i:13	0:wondered:14	0:how:15	0:the:16	0:plant:17	0:got:18	0:there:19	38:seeds:20	3:travel:21	0:in:22	0:different:23	0:ways:24	0:some:25	0:seeds:26	97:just:27	0:drop:28	121:to:29	0:the:30	0:ground:31	57:the:32	0:wind:33	0:or:34	0:birds:35	0:carry:36	0:seeds:37	0:to:38	0:new:39	0:places:40	31:nearby:41	0:or:42	0:far:43	0:away:44	40:water:45	0:can:46	45:take:47	3:seeds:48	0:on:49	0:a:50	0:journey:51	0:some:52	4:animals:53	45:hide:54	50:seeds:55	61:in:56	51:the:57	0:ground:58	48:seeds:59	0:can:60	187:stick:61	231:to:62	6:an:63	104:animal's:64	0:fur:65	78:or:66	34:to:67	0:a:68	0:person's:69	0:socks:70	37:when:71	0:the:72	0:seeds:73	0:fall:74	3:on:75	0:the:76	0:ground:77	32:they:78	0:wait:79	72:for:80	0:sun:81	35:and:82	0:water:83	0:to:84	0:grow:85"
50645,782566,"167:how:0	6:do:1	0:plants:2	0:find:3	0:homes:4	45:i:5	0:saw:6	3:a:7	0:flower:8	8:growing:9	48:in:10	0:a:11	0:sidewalk:12	7:i:13	0:wondered:14	3:how:15	0:the:16	5:plant:17	15:got:18	14:there:19	37:seeds:20	15:travel:21	36:in:22	3:different:23	0:ways:24	36:some:25	0:seeds:26	0:just:27	11:drop:28	0:to:29	0:the:30	3:ground:31	52:the:32	0:wind:33	199:birds:35	0:carry:36	7:seeds:37	30:to:38	0:new:39	0:places:40	66:nearby:41	54:or:42	16:far:43	3:away:44	49:water:45	0:can:46	0:take:47	0:seeds:48	4:on:49	0:a:50	0:journey:51	48:some:52	6:animals:53	0:hide:54	0:seeds:55	4:in:56	0:the:57	31:ground:58	125:seeds:59	0:can:60	25:stick:61	26:to:62	0:an:63	0:animal's:64	35:fur:65	7:or:66	12:to:67	4:a:68	33:person's:69	19:socks:70	112:when:71	0:the:72	21:seeds:73	0:fall:74	0:on:75	0:the:76	9:ground:77	103:they:78	17:wait:79	16:for:80	21:sun:81	0:and:82	0:water:83	37:to:84	18:grow:85"
50666,782752,"98:how:0	0:do:1	3:plants:2	0:find:3	12:homes:4	141:i:5	0:saw:6	0:a:7	14:flower:8	0:growing:9	0:in:10	0:a:11	0:sidewalk:12	170:i:13	0:wondered:14	0:how:15	3:the:16	15:plant:17	541:in:22	199:some:25	0:seeds:26	9:just:27	11:drop:28	0:to:29	0:the:30	6:ground:31	53:the:32	0:wind:33	186:or:34	0:birds:35	13:carry:36	0:seeds:37	10:to:38	49:new:39	30:places:40	3:nearby:41	12:or:42	6:far:43	0:away:44	103:water:45	10:can:46	8:take:47	0:seeds:48	13:on:49	7:a:50	0:journey:51	98:some:52	3:animals:53	27:hide:54	239:seeds:55	0:in:56	0:the:57	15:ground:58	22:seeds:59	3:can:60	0:stick:61	100:to:62	138:an:63	16:animal's:64	44:fur:65	0:or:66	87:to:67	0:a:68	13:person's:69	17:socks:70	140:when:71	0:the:72	9:seeds:73	90:fall:74	3:on:75	10:the:76	3:ground:77	97:they:78	6:wait:79	0:for:80	0:sun:81	0:and:82	0:water:83	4:to:84	10:grow:85"
50687,782968,"110:how:0	0:do:1	0:plants:2	0:find:3	0:homes:4	110:i:5	0:saw:6	0:a:7	0:flower:8	40:growing:9	0:in:10	0:a:11	0:sidewalk:12	0:i:13	0:wondered:14	0:how:15	0:the:16	0:plant:17	0:got:18	0:there:19	60:seeds:20	0:travel:21	0:in:22	0:different:23	0:ways:24	36:some:25	0:seeds:26	10:drop:28	0:to:29	0:the:30	0:ground:31	82:the:32	0:wind:33	0:or:34	0:birds:35	0:carry:36	0:seeds:37	0:to:38	0:new:39	0:places:40	38:nearby:41	0:or:42	0:far:43	0:away:44	37:water:45	0:can:46	0:take:47	0:seeds:48	0:on:49	0:a:50	0:journey:51	0:some:52	0:animals:53	0:hide:54	4:seeds:55	0:in:56	56:the:57	0:ground:58	217:seeds:59	6:can:60	0:stick:61	0:to:62	0:an:63	0:animal's:64	0:fur:65	5:or:66	0:to:67	0:a:68	0:person's:69	12:socks:70	81:when:71	0:the:72	0:seeds:73	5:fall:74	3:on:75	0:the:76	0:ground:77	25:they:78	0:wait:79	0:for:80	0:sun:81	0:and:82	0:water:83	45:to:84"
50918,785000,"83:how:0	0:do:1	0:plants:2	0:find:3	0:homes:4	44:i:5	0:saw:6	0:a:7	0:flower:8	71:growing:9	0:in:10	5:a:11	0:sidewalk:12	76:i:13	0:wondered:14	0:how:15	0:the:16	0:plant:17	0:got:18	0:there:19	50:seeds:20	0:travel:21	0:in:22	0:different:23	0:ways:24	49:some:25	0:seeds:26	0:just:27	0:drop:28	0:to:29	0:the:30	0:ground:31	34:the:32	0:wind:33	0:or:34	0:birds:35	0:carry:36	3:seeds:37	18:to:38	0:new:39	0:places:40	122:nearby:41	11:or:42	0:far:43	0:away:44	45:water:45	0:can:46	0:take:47	0:seeds:48	0:on:49	0:a:50	0:journey:51	52:some:52	0:animals:53	8:hide:54	0:seeds:55	0:in:56	28:the:57	0:ground:58	38:seeds:59	0:can:60	0:stick:61	0:to:62	0:an:63	0:animal's:64	10:fur:65	59:or:66	73:to:67	16:a:68	0:person's:69	0:socks:70	181:when:71	0:the:72	0:seeds:73	0:fall:74	0:on:75	0:the:76	0:ground:77	26:they:78	0:wait:79	17:for:80	0:sun:81	0:and:82	0:water:83	6:to:84	4:grow:85"
50941,785260,"163:how:0	0:do:1	3:plants:2	0:find:3	0:homes:4	98:i:5	0:saw:6	3:a:7	0:flower:8	0:growing:9	91:in:10	161:a:11	0:sidewalk:12	33:i:13	0:wondered:14	3:how:15	0:the:16	0:plant:17	0:got:18	0:there:19	35:seeds:20	0:travel:21	0:in:22	23:different:23	0:ways:24	48:some:25	0:seeds:26	0:just:27	0:drop:28	0:to:29	0:the:30	0:ground:31	127:the:32	0:wind:33	9:or:34	16:birds:35	108:carry:36	5:seeds:37	0:to:38	0:new:39	0:places:40	6:nearby:41	52:or:42	0:far:43	0:away:44	58:water:45	61:can:46	0:take:47	28:seeds:48	73:on:49	0:a:50	0:journey:51	44:some:52	40:animals:53	279:hide:54	23:seeds:55	42:in:56	3:the:57	0:ground:58	122:seeds:59	0:can:60	0:stick:61	0:to:62	0:an:63	27:animal's:64	0:fur:65	76:or:66	21:to:67	0:a:68	0:person's:69	21:socks:70	157:when:71	13:the:72	10:seeds:73	0:fall:74	3:on:75	17:the:76	0:ground:77	84:they:78	0:wait:79	6:for:80	0:sun:81	8:and:82	0:water:83	0:to:84	0:grow:85"
51042,786362,"122:how:0	32:do:1	0:plants:2	0:find:3	0:homes:4	155:i:5	0:saw:6	0:a:7	0:flower:8	0:growing:9	0:in:10	8:a:11	0:sidewalk:12	0:i:13	0:wondered:14	125:how:15	0:the:16	0:plant:17	0:got:18	0:there:19	140:seeds:20	11:travel:21	0:in:22	0:different:23	0:ways:24	0:some:25	0:seeds:26	86:just:27	17:drop:28	0:to:29	3:the:30	0:ground:31	26:the:32	0:wind:33	74:or:34	0:birds:35	7:carry:36	0:seeds:37	6:to:38	0:new:39	0:places:40	0:nearby:41	3:or:42	0:far:43	0:away:44	119:water:45	0:can:46	48:take:47	3:seeds:48	0:on:49	550:a:50	0:journey:51	3:some:52	0:animals:53	14:hide:54	0:seeds:55	48:in:56	1061:the:57	3:ground:58	126:seeds:59	5:can:60	201:stick:61	0:to:62	0:an:63	0:animal's:64	0:fur:65	0:or:66	0:to:67	0:a:68	0:person's:69	0:socks:70	153:when:71	0:the:72	0:seeds:73	8:fall:74	22:on:75	0:the:76	0:ground:77	3:they:78	0:wait:79	0:for:80	7:sun:81	0:and:82	0:water:83	0:to:84	0:grow:85"
51192,787881,"24:how:0	7:do:1	0:plants:2	428:find:3	0:homes:4	135:i:5	298:a:7	0:flower:8	19:growing:9	0:in:10	15:a:11	0:sidewalk:12	523:i:13	238:wondered:14	69:how:15	30:the:16	3:plant:17"
51264,788618,"182:how:0	0:do:1	48:plants:2	0:find:3	0:homes:4	202:i:5	0:saw:6	3:a:7	0:flower:8	0:growing:9	35:in:10	145:a:11	145:sidewalk:12	47:i:13	0:wondered:14	18:how:15	38:the:16	0:plant:17	10:got:18	5:there:19	35:seeds:20	44:travel:21	3:in:22	28:different:23	6:ways:24	24:some:25	3:seeds:26	25:just:27	0:drop:28	200:to:29	0:the:30	0:ground:31	72:the:32	224:wind:33	31:or:34	0:birds:35	22:carry:36	36:seeds:37	28:to:38	500:new:39	0:places:40	68:nearby:41	13:or:42	7:far:43	10:away:44	207:water:45	0:can:46	0:take:47	15:seeds:48	103:on:49	3:a:50	0:journey:51	22:some:52	11:animals:53	25:hide:54	22:seeds:55	17:in:56	22:the:57	41:ground:58	51:seeds:59	0:can:60	0:stick:61	71:to:62	33:an:63	0:animal's:64	201:fur:65	167:or:66	36:to:67	51:a:68	23:person's:69	21:socks:70	96:when:71	42:the:72	0:seeds:73	82:fall:74	71:on:75	6:the:76	0:ground:77	37:they:78	0:wait:79	19:for:80	0:sun:81	73:and:82	0:water:83	23:to:84	0:grow:85"
51727,793377,"105:how:0	0:do:1	21:plants:2	0:find:3	0:homes:4	6:i:5	0:saw:6	0:a:7	0:flower:8	0:growing:9	3:in:10	3:a:11	0:sidewalk:12	62:i:13	0:wondered:14	0:how:15	0:the:16	0:plant:17	0:got:18	0:there:19	43:seeds:20	0:travel:21	264:in:22	0:different:23	0:ways:24	41:some:25	11:seeds:26	0:just:27	13:drop:28	0:to:29	187:the:30	3:ground:31	0:the:32	31:wind:33	35:or:34	0:birds:35	22:carry:36	0:seeds:37	8:to:38	0:new:39	0:places:40	0:nearby:41	27:or:42	0:far:43	0:away:44	33:water:45	0:can:46	0:take:47	3:seeds:48	6:on:49	0:a:50	3:journey:51	39:some:52	0:animals:53	0:hide:54	0:seeds:55	0:in:56	0:the:57	0:ground:58	24:seeds:59	0:can:60	0:stick:61	0:to:62	0:an:63	0:animal's:64	4:fur:65	38:or:66	0:to:67	0:a:68	0:person's:69	0:socks:70	97:when:71	3:the:72	0:seeds:73	0:fall:74	0:on:75	0:the:76	0:ground:77	0:they:78	0:wait:79	0:for:80	0:sun:81	0:and:82	0:water:83	0:to:84	3:grow:85"
52113,797694,"109:how:0	0:do:1	0:plants:2	0:find:3	0:homes:4	15:i:5	0:saw:6	0:a:7	0:flower:8	0:growing:9	27:in:10	0:a:11	0:sidewalk:12	3:i:13	0:wondered:14	0:how:15	0:the:16	0:plant:17	0:got:18	0:there:19	76:seeds:20	0:travel:21	0:in:22	0:different:23	0:ways:24	0:some:25	36:seeds:26	0:just:27	0:drop:28	0:to:29	0:the:30	0:ground:31	6:the:32	80:wind:33	92:or:34	0:birds:35	0:carry:36	9:seeds:37	58:to:38	0:new:39	0:places:40	37:nearby:41	95:or:42	0:far:43	0:away:44	242:water:45	0:can:46	0:take:47	0:seeds:48	9:on:49	0:a:50	0:journey:51	0:some:52	0:animals:53	0:hide:54	0:seeds:55	43:in:56	0:the:57	0:ground:58	175:seeds:59	0:can:60	0:stick:61	22:to:62	44:an:63	0:animal's:64	0:fur:65	57:or:66	15:to:67	12:a:68	0:person's:69	5:socks:70	0:when:71	80:the:72	3:seeds:73	14:fall:74	81:on:75	0:the:76	0:ground:77	0:they:78	0:wait:79	0:for:80	22:sun:81	32:and:82	26:water:83	0:to:84	0:grow:85"
52324,800008,"76:how:0	0:do:1	0:plants:2	0:find:3	0:homes:4	63:i:5	0:saw:6	3:a:7	0:flower:8	0:growing:9	4:in:10	4:a:11	0:sidewalk:12	59:i:13	0:wondered:14	27:how:15	5:the:16	3:plant:17	0:got:18	0:there:19	29:seeds:20	0:travel:21	7:in:22	0:different:23	0:ways:24	74:some:25	22:seeds:26	89:just:27	0:drop:28	52:to:29	0:the:30	0:ground:31	142:the:32	0:wind:33	4:or:34	0:birds:35	0:carry:36	0:seeds:37	0:to:38	0:new:39	0:places:40	38:nearby:41	0:or:42	0:far:43	0:away:44	140:water:45	86:can:46	0:take:47	0:seeds:48	3:on:49	0:a:50	0:journey:51	24:some:52	0:animals:53	0:hide:54	0:seeds:55	15:in:56	0:the:57	0:ground:58	76:seeds:59	0:can:60	4:stick:61	0:to:62	0:an:63	0:animal's:64	5:fur:65	84:or:66	0:to:67	0:a:68	0:person's:69	0:socks:70	218:when:71	38:the:72	0:seeds:73	4:fall:74	4:on:75	0:the:76	0:ground:77	49:they:78	0:wait:79	0:for:80	0:sun:81	11:and:82	0:water:83	0:to:84	0:grow:85"
52490,801656,"90:how:0	0:do:1	0:plants:2	0:find:3	0:homes:4	40:i:5	0:saw:6	3:a:7	0:flower:8	0:growing:9	13:in:10	42:a:11	0:sidewalk:12	25:i:13	0:wondered:14	0:how:15	0:the:16	0:plant:17	0:got:18	0:there:19	31:seeds:20	0:travel:21	0:in:22	0:different:23	0:ways:24	25:some:25	0:seeds:26	3:just:27	0:drop:28	0:to:29	0:the:30	0:ground:31	36:the:32	0:wind:33	42:or:34	0:birds:35	0:carry:36	0:seeds:37	0:to:38	0:new:39	0:places:40	0:nearby:41	37:or:42	0:far:43	0:away:44	477:water:45	3:can:46	0:take:47	0:seeds:48	0:on:49	0:a:50	0:journey:51	0:some:52	0:animals:53	34:hide:54	0:seeds:55	0:in:56	0:the:57	3:ground:58	0:seeds:59	0:can:60	0:stick:61	41:to:62	0:an:63	0:animal's:64	57:fur:65	46:or:66	32:to:67	0:a:68	0:person's:69	0:socks:70	49:when:71	76:the:72	0:seeds:73	0:fall:74	3:on:75	0:the:76	0:ground:77	39:they:78	0:wait:79	0:for:80	0:sun:81	0:and:82	0:water:83	0:to:84	3:grow:85"
52743,804172,"0:how:0	0:do:1	0:plants:2	119:find:3	0:homes:4	234:i:5	0:saw:6	47:a:7	191:flower:8	80:growing:9	159:in:10	97:a:11	101:sidewalk:12	315:i:13	209:wondered:14	114:how:15	61:the:16	3:plant:17	12:got:18	19:there:19	339:seeds:20	41:travel:21	58:in:22	0:different:23	21:ways:24	125:some:25	0:seeds:26	203:just:27	19:drop:28	189:to:29	51:the:30	0:ground:31	726:the:32	0:wind:33	229:or:34	0:birds:35	352:carry:36	222:seeds:37	86:to:38	0:new:39	35:places:40	496:nearby:41	93:or:42	34:far:43	3:away:44	348:water:45	61:can:46	5:take:47	0:seeds:48	12:on:49	19:a:50	3:journey:51"
52746,804227,"20:how:0	0:do:1	75:i:5	0:saw:6	0:a:7	18:flower:8	73:growing:9	277:in:10	32:a:11	39:sidewalk:12	38:i:13	212:wondered:14	0:how:15	29:the:16	3:plant:17	102:got:18	38:there:19	0:seeds:20	227:travel:21	0:in:22	238:different:23	37:ways:24	781:seeds:26	0:just:27	0:drop:28	0:to:29	0:the:30	3:ground:31	142:the:32	3:wind:33	61:or:34	178:birds:35	437:carry:36	5:seeds:37	49:to:38	447:new:39	40:places:40	0:nearby:41	35:or:42	85:far:43	507:water:45	80:can:46	3:take:47	92:seeds:48	55:on:49	4:a:50	202:journey:51	36:some:52	0:animals:53	17:hide:54	56:seeds:55	20:in:56	179:ground:58"
52812,805151,"159:how:0	0:do:1	3:plants:2	29:find:3	0:homes:4	454:i:5	0:saw:6	27:a:7	0:flower:8	0:growing:9	13:in:10	848:a:11	3:sidewalk:12	30:i:13	33:wondered:14	0:how:15	25:the:16	14:plant:17	28:got:18	30:there:19	87:seeds:20	24:travel:21	115:in:22	0:different:23	0:ways:24	0:some:25	48:seeds:26	36:just:27	12:drop:28	25:to:29	0:the:30	0:ground:31	302:the:32	0:wind:33	58:or:34	0:birds:35	67:carry:36	11:seeds:37	18:to:38	0:new:39	0:places:40	41:nearby:41	0:or:42	419:far:43	0:away:44	695:water:45	0:can:46	0:take:47	24:seeds:48	15:on:49	11:a:50	111:journey:51	34:some:52	12:animals:53	0:hide:54	0:seeds:55	0:in:56	0:the:57	46:ground:58	308:seeds:59	73:can:60	227:animal's:64	26:fur:65	0:or:66	0:to:67	296:a:68	0:person's:69	12:socks:70	98:when:71	0:the:72	5:seeds:73	67:fall:74	3:on:75	0:the:76	3:ground:77"
53212,808900,"68:how:0	39:do:1	3:plants:2	0:find:3	0:homes:4	69:i:5	0:saw:6	36:a:7	0:flower:8	3:growing:9	65:in:10	229:a:11	0:sidewalk:12	144:i:13	0:wondered:14	37:how:15	18:the:16	0:plant:17	49:got:18	0:there:19	51:seeds:20	0:travel:21	50:in:22	0:different:23	65:ways:24	37:some:25	0:seeds:26	3:just:27	37:drop:28	135:to:29	83:the:30	0:ground:31	31:the:32	0:wind:33	73:or:34	80:birds:35	3:carry:36	0:seeds:37	79:to:38	88:new:39	0:places:40	3:nearby:41	83:or:42	23:far:43	0:away:44	178:water:45	99:can:46	187:take:47	0:seeds:48	90:on:49	3:a:50	3:journey:51	3:some:52	158:animals:53	0:hide:54	66:seeds:55	92:in:56	0:the:57	3:ground:58	23:seeds:59	0:can:60	49:stick:61	128:to:62	0:an:63	0:animal's:64	55:fur:65	169:or:66	55:to:67	0:a:68	0:person's:69	0:socks:70	261:when:71	0:the:72	3:seeds:73	163:fall:74	40:on:75	0:the:76	3:ground:77	76:they:78	39:wait:79	3:for:80	31:sun:81	71:and:82	0:water:83	4:to:84	3:grow:85"
53264,809369,"80:how:0	0:do:1	0:plants:2	0:find:3	0:homes:4	0:i:5	0:saw:6	0:a:7	0:flower:8	0:growing:9	4:in:10	0:a:11	4:sidewalk:12	24:i:13	0:wondered:14	0:how:15	0:the:16	0:plant:17	45:got:18	0:there:19	77:seeds:20	0:travel:21	6:in:22	0:different:23	0:ways:24	47:some:25	0:seeds:26	0:just:27	0:drop:28	18:to:29	0:the:30	0:ground:31	35:the:32	0:wind:33	3:or:34	0:birds:35	14:carry:36	9:seeds:37	9:to:38	0:new:39	0:places:40	59:nearby:41	34:or:42	0:far:43	0:away:44	24:water:45	4:can:46	0:take:47	17:seeds:48	0:on:49	0:a:50	6:journey:51	5:some:52	0:animals:53	0:hide:54	3:seeds:55	5:in:56	0:the:57	0:ground:58	47:seeds:59	0:can:60	10:stick:61	38:to:62	37:an:63	0:animal's:64	17:fur:65	0:or:66	3:to:67	0:a:68	3:person's:69	9:socks:70	33:when:71	0:the:72	6:seeds:73	10:fall:74	67:on:75	0:the:76	0:ground:77	3:they:78	0:wait:79	12:for:80	8:sun:81	35:and:82	0:water:83	3:to:84	3:grow:85"
53536,811927,"160:how:0	0:do:1	16:plants:2	0:find:3	9:homes:4	55:i:5	37:saw:6	8:a:7	0:flower:8	14:growing:9	14:in:10	0:a:11	79:sidewalk:12	36:i:13	34:wondered:14	0:how:15	16:the:16	0:plant:17	6:got:18	3:there:19	46:seeds:20	0:travel:21	31:in:22	0:different:23	0:ways:24	8:some:25	0:seeds:26	11:just:27	0:drop:28	44:to:29	0:the:30	0:ground:31	31:the:32	0:wind:33	264:or:34	0:birds:35	35:carry:36	151:seeds:37	91:to:38	0:new:39	0:places:40	9:nearby:41	0:or:42	50:far:43	177:water:45	0:can:46	0:take:47	0:seeds:48	72:on:49	0:a:50	0:journey:51	27:some:52	0:animals:53	3:hide:54	7:seeds:55	3:in:56	0:the:57	0:ground:58	24:seeds:59	0:can:60	0:stick:61	43:to:62	0:an:63	0:animal's:64	0:fur:65	362:or:66	0:to:67	0:a:68	33:person's:69	0:socks:70	120:when:71	0:the:72	0:seeds:73	23:fall:74	61:on:75	0:the:76	0:ground:77	31:they:78	98:wait:79	3:for:80	28:sun:81	0:and:82	0:water:83	22:to:84	0:grow:85"
