Form	Item
Moby:V1_Grade1Fall	1401
Moby:V1_Grade1Fall	1603
Moby:V1_Grade1Fall	1903
Moby:V1_Grade1Spring	1505
Moby:V1_Grade1Spring	1804
Moby:V1_Grade1Spring	1807
Moby:V1_Grade1Winter	1502
Moby:V1_Grade1Winter	1703
Moby:V1_Grade1Winter	2001
Moby:V1_Grade2Fall	350
Moby:V1_Grade2Fall	2203
Moby:V1_Grade2Fall	2401
Moby:V1_Grade2Spring	330
Moby:V1_Grade2Spring	2201
Moby:V1_Grade2Spring	2202
Moby:V1_Grade2Winter	310
Moby:V1_Grade2Winter	2102
Moby:V1_Grade2Winter	2302
Moby:V1_Grade3Fall	420
Moby:V1_Grade3Fall	2403
Moby:V1_Grade3Fall	2701
Moby:V1_Grade3Spring	320
Moby:V1_Grade3Spring	450
Moby:V1_Grade3Spring	2503
Moby:V1_Grade3Winter	410
Moby:V1_Grade3Winter	2101
Moby:V1_Grade3Winter	2504
Moby:V1_Grade4Fall	520
Moby:V1_Grade4Fall	2402
Moby:V1_Grade4Fall	2904
Moby:V1_Grade4Spring	2601
Moby:V1_Grade4Spring	2801
Moby:V1_Grade4Spring	3105
Moby:V1_Grade4Winter	2803
Moby:V1_Grade4Winter	2902
Moby:V1_Grade4Winter	3106